date_var,Q1,Q2,Q3,Q4,Q5,N1,N2,N3,N4,N5,HL
2014-02-21,0.04390572517454705,0.004740529123891895,-0.04697620161832266,0.1384308141035437,-0.02803373248325427,33,45,58,82,81,-0.07193945765780133
2014-03-21,-0.4864908898029507,-0.1855272186437497,-0.27242620715314014,-0.35305056005157537,-0.24800743799969416,26,44,65,84,98,0.23848345180325653
2014-04-17,-0.23800728685122288,-0.09908262274329237,-0.02842564547115291,0.1271366095781797,0.05592008292285237,21,37,55,91,107,0.29392736977407524
2014-05-16,-0.40947640472818675,-0.22516674583124574,-0.24102383231199423,-0.28188660878307853,-0.12051253214472249,38,62,101,126,144,0.28896387258346423
2014-06-20,-0.45772162082751494,-0.4458183972672694,-0.4099868865857108,-0.4000331285901438,-0.3164483258334569,30,56,88,143,148,0.14127329499405805
2014-07-18,-0.40991020602409106,-0.34742490181120267,-0.2248801618137866,-0.2988942888826102,-0.25182061210065076,26,46,93,148,155,0.1580895939234403
2014-08-15,-0.290262923698787,-0.35272420874611343,-0.12220330991204402,-0.24660853749328077,-0.12241106444586444,26,57,92,131,145,0.16785185925292254
2014-09-19,-0.46744994075612034,-0.32890537203373915,-0.5019240630469467,-0.4236070980020338,-0.29952966183763247,27,49,85,127,143,0.16792027891848788
2014-10-17,0.019680724615307937,-0.051856683015060696,0.31293662284207696,0.6219182210867065,0.6369138407730164,23,50,102,141,163,0.6172331161577085
2014-11-21,-0.16104083622244242,-0.3768287015988873,-0.31355390893218527,-0.33326089652377616,-0.26415052640900033,32,77,110,137,149,-0.10310969018655791
2014-12-19,-0.1554225470684527,0.0020814221970609807,0.03368492431087351,0.21917499977549726,0.43121156133284794,17,45,80,126,148,0.5866341084013007
2015-01-16,-0.4153500787793794,-0.2821577386258742,-0.2395434297020485,-0.22126375372618448,-0.1644643077251827,21,49,89,135,155,0.25088577105419674
2015-02-20,-0.13932467787074768,-0.15654794143742798,-0.17567778122584762,-0.2603310447349136,-0.2106997286075881,26,61,107,134,149,-0.07137505073684042
2015-03-20,-0.36157924864674545,-0.25019736072404075,-0.2403246659202078,-0.2086478740518486,-0.13667029588387528,30,67,103,146,158,0.22490895276287018
2015-04-17,-0.4571253022243733,-0.19196792581126057,-0.263154433540304,-0.2516662920172166,-0.2154983970978257,26,55,104,147,170,0.2416269051265476
2015-05-15,-0.3026754473564712,-0.16049058400096197,-0.21749565999460668,-0.2640375045174287,-0.2044185412930035,40,58,101,133,146,0.09825690606346768
2015-06-19,-0.3092767233252385,-0.25537101908628224,-0.30132334106657654,-0.32851165834792634,-0.2967623464487123,27,61,95,138,155,0.012514376876526179
2015-07-17,-0.06817480025254781,0.03765118867388703,-0.031339308613708344,0.007643651516970888,0.17981368282639457,28,58,105,152,175,0.2479884830789424
2015-08-21,0.09153435862685683,0.024379273757631267,0.12481813252396522,0.4338011036981442,0.2588270802199674,36,62,107,134,149,0.1672927215931106
2015-09-18,-0.11205405875963989,-0.026963798668283332,-0.12470751645404653,0.014548686050929122,0.07583074772269874,28,59,119,138,156,0.18788480648233863
2015-10-16,-0.13016738764755342,-0.22136230733218837,-0.12305782372975081,0.06574973571731718,0.1867272216665235,34,63,114,153,160,0.3168946093140769
2015-11-20,0.035068294108521754,0.059781047275296685,0.1530296317256525,0.13831690521189774,0.2582711663418011,39,80,117,139,157,0.22320287223327934
2015-12-18,-0.23566860840223433,-0.3280686470820815,-0.1529985120525095,-0.087888123385913,-0.0014489594179278474,25,66,118,155,168,0.23421964898430647
2016-01-15,-0.19663782731283383,-0.1866569809577668,0.01319582493024957,-0.10073223338000331,-0.06760248783284926,37,76,113,166,165,0.12903533947998458
2016-02-19,-0.3451894677791178,-0.08506516040680169,0.022621599050841067,0.036478271003626266,0.03576380150574023,41,87,122,146,149,0.380953269284858
2016-03-18,-0.44386163628034675,-0.3230563161406824,-0.3821846743345666,-0.06602884635660027,-0.2785298065360543,44,91,129,163,164,0.16533182974429245
2016-04-15,-0.3727608896298237,-0.40850514863104187,-0.2787047351958759,-0.3200378288514229,-0.30966850848209837,27,60,123,169,182,0.06309238114772531
2016-05-20,-0.3616107458694971,-0.3792234568195193,-0.2575804948619668,-0.15388632818629513,-0.13574205015722196,41,85,125,153,158,0.22586869571227514
2016-06-17,-0.45776535389381484,-0.523544586295891,-0.42285676668011507,-0.458758740468803,-0.392397589726202,29,67,127,156,165,0.06536776416761286
2016-07-15,-0.03583661494619412,0.008720101016537272,0.2520609908798184,0.25292416087504244,0.24371065409974987,28,63,119,166,187,0.279547269045944
2016-08-19,-0.21078426935545155,-0.378808165710856,-0.3073185264609369,-0.28793572525413497,-0.24646216597987763,52,82,131,147,169,-0.03567789662442608
2016-09-16,-0.3489580831108601,0.02115723876017651,-0.12187222981164447,-0.11842963947984816,-0.16437564891996706,32,53,106,157,183,0.184582434190893
2016-10-21,-0.43273851493594656,-0.35359024884678125,-0.3645661986837488,-0.3292481943333308,-0.1823520140757439,42,80,136,168,187,0.25038650086020264
2016-11-18,-0.17661408071974505,-0.03636864737068007,0.13290473888421125,0.15610532136368357,0.2274294120996711,60,83,120,145,171,0.40404349281941615
2016-12-16,-0.34898464223425996,-0.2575113850638758,-0.3276350617412412,-0.25369811688503674,-0.17763066642523279,47,82,118,165,183,0.17135397580902717
2017-01-20,-0.43786631574624885,-0.4419372519604536,-0.4503629059612121,-0.46146166742476813,-0.4209829400088727,67,98,139,177,193,0.01688337573737614
2017-02-17,-0.4110192026260952,-0.26728564093908047,-0.3846293038610803,-0.33393006781898316,-0.274926028835105,53,69,102,150,170,0.13609317379099023
2017-03-17,-0.3060449617243613,-0.29934726643572174,-0.2642322051390889,-0.28686981620478824,-0.2406167852273884,51,75,114,154,178,0.06542817649697288
2017-04-21,-0.352800054657512,-0.2320373724244,-0.22286098132818222,-0.3402737158181777,-0.22798725956315707,61,77,127,177,202,0.12481279509435494
2017-05-19,-0.35406738688857825,-0.18741993289873687,-0.25008110735728445,-0.17991901128132545,-0.24010469425040715,62,75,119,151,178,0.1139626926381711
2017-06-16,-0.2541335560245009,-0.28358798366405835,-0.23161886888051098,-0.22490074831452714,-0.13486444974171996,48,56,110,164,190,0.11926910628278092
2017-07-21,-0.4472889387651735,-0.26355902605520315,-0.28550710149351105,-0.205690407424397,-0.24544487607551613,66,87,136,181,206,0.20184406268965738
2017-08-18,0.038294987494281015,-0.05229616950887717,-0.19891697081299825,-0.12170851125536664,-0.0887822580651273,58,94,128,161,184,-0.1270772455594083
2017-09-15,-0.2788603837916009,-0.39946808937462874,-0.23143045497962647,-0.37240844541325935,-0.2999519622432418,40,78,116,168,193,-0.02109157845164089
2017-10-20,-0.4143909099488779,-0.24904629012985682,-0.3639679737478847,-0.19995185616608915,-0.13606305343896752,50,101,148,173,205,0.2783278565099104
2017-11-17,0.12601362685660306,-0.0029634599166259755,-0.0684796508301292,-0.06063103230825121,0.11023884800096978,73,104,152,172,194,-0.015774778855633276
2017-12-15,-0.32018047553781664,0.18323873144210207,-0.09039376042068849,-0.14107918235497588,-0.1375945041827884,51,78,129,180,198,0.18258597135502824
2018-01-19,-0.28625078314031127,-0.20836720378188553,-0.12893468423380813,-0.18232109301456972,-0.22957101991891574,59,102,155,196,215,0.056679763221395535
2018-02-16,-0.08985302584784981,0.05557062865687208,0.26991457385320067,0.3532772570118336,0.4434797491483986,62,103,145,180,197,0.5333327749962484
2018-03-16,-0.440569055616814,-0.29968994234242524,-0.3089038417827474,-0.23961220483392484,-0.29202895066613327,67,109,153,191,204,0.1485401049506807
2018-04-20,-0.06187168882543269,-0.031030954997887668,0.16801087036056409,0.22034249293514757,0.24813735096613362,68,123,180,222,234,0.3100090397915663
2018-05-18,-0.08485184529192555,-0.29127378093546846,-0.2461707152473611,-0.28200052172030315,-0.19592370754266192,75,137,170,197,208,-0.11107186225073637
2018-06-15,-0.4525006608852087,-0.2239721724345857,-0.20207662202182036,-0.17655113335705702,-0.17259027349028813,43,94,139,194,210,0.2799103873949206
2018-07-20,-0.3028193596847427,-0.15542637213953012,-0.2184156558880643,-0.12764495830093125,-0.1139563102100789,58,124,163,212,228,0.1888630494746638
2018-08-17,0.023754263350404623,-0.09465319752425404,-0.1856522011406611,0.12571416217369466,-0.08861861823153173,70,130,172,195,208,-0.11237288158193635
2018-09-21,-0.34184821576033564,-0.38408976806903955,-0.15239558118836344,-0.23695639821126646,-0.18561592483427022,56,109,167,200,215,0.15623229092606541
2018-10-19,0.043643331398674386,0.04948181471383714,0.22159831790780418,0.30319328163552034,0.515316988207721,51,111,159,203,228,0.4716736568090466
2018-11-16,0.15378309915050953,0.22164865284124158,0.7869225647930549,0.23223961780462843,0.2562805346496198,83,142,191,218,222,0.10249743549911028
2018-12-21,0.1176044797763496,0.10289187812937682,0.0710148613254989,0.14412809424132922,0.16437542061906182,84,148,196,223,225,0.04677094084271223
2019-01-18,-0.40696832911752084,-0.3219367932840005,-0.4127385618776265,-0.30689756962662035,-0.26821664321032596,83,154,201,233,243,0.1387516859071949
2019-02-15,-0.3403092125031539,-0.20234431603668415,-0.3038948746567365,-0.32393122075343866,-0.254630678964188,59,128,159,200,212,0.08567853353896587
2019-03-15,-0.4484007621925413,-0.29098596530461485,-0.09416675804984814,-0.3084561827917214,-0.26236145216980655,60,142,174,219,222,0.18603931002273477
2019-04-18,-0.3590884349107982,-0.23291492320302504,-0.1559498691213635,-0.047835812053216915,0.036125180549207055,58,149,198,235,255,0.3952136154600053
2019-05-17,-0.3072701553381344,-0.246467895883564,-0.017472786565406483,-0.15073915996503603,-0.01041692740742918,82,150,191,218,230,0.29685322793070523
2019-06-21,-0.24268114224611967,-0.20870893526983775,-0.11555411727196156,-0.11238547266728584,0.42553288761880087,69,137,197,229,228,0.6682140298649205
2019-07-19,-0.29902354187991764,-0.10108497758194616,-0.36227720027584215,-0.34463194174553924,-0.3263581894321855,57,130,197,238,253,-0.027334647552267832
2019-08-16,0.11906898514684548,0.27797232510911113,0.3671445392553659,0.25060259373726274,0.6440020225854838,72,146,182,219,220,0.5249330374386383
2019-09-20,-0.23129909013695574,-0.18797675789655074,-0.21469964862720423,-0.1685861840569674,-0.11877629844102695,69,157,212,226,233,0.11252279169592878
2019-10-18,-0.17060258140520612,-0.26940983397296925,-0.2572127401788608,-0.1991746890127065,-0.16441941667330234,70,141,212,248,266,0.006183164731903779
2019-11-15,-0.33126742117868146,-0.21089440828821093,-0.1386371184638669,-0.23783790904000315,-0.1594524698967686,65,152,193,214,226,0.17181495128191288
2019-12-20,-0.22142246461152884,-0.31806552549505795,-0.24319130814643475,-0.30983917089003654,-0.26818992599224156,77,148,190,220,229,-0.04676746138071272
2020-01-17,-0.31916702867977287,-0.47526693998072855,-0.40472977406440985,-0.3939182344933039,-0.38120509567706795,64,117,193,242,253,-0.06203806699729508
2020-02-21,-0.005671536643509591,0.035724204368808375,-0.05706922604153287,0.10770306317677528,0.04398600730885886,87,143,180,217,220,0.04965754395236845
2020-03-20,1.3481413518660812,2.170679552374282,2.217868543259392,3.046506172840409,3.065691007919689,73,139,177,204,206,1.7175496560536079
2020-04-17,-0.24697845654685566,-0.14616890375689057,-0.21186845478117342,-0.2064975000293884,-0.24893296177363486,107,168,201,216,218,-0.001954505226779202
2020-05-15,-0.3140013435109341,-0.29548857350969726,-0.26373650852510466,-0.2372481437426755,-0.3457354782005696,92,174,189,208,214,-0.031734134689635485
2020-06-19,-0.3375647051062392,-0.23201260642634838,-0.2483502945859593,-0.17749860285098013,-0.16088314808726198,120,193,201,216,217,0.17668155701897723
2020-07-17,-0.4553132556252721,-0.4455465727040688,-0.4305211353862661,-0.41299053057297225,-0.4227343636726336,141,220,234,258,268,0.03257889195263847
2020-08-21,-0.4079987156670309,-0.5475997165147564,-0.5401958270165546,-0.48334679969472494,-0.53511356375153,137,205,220,226,230,-0.12711484808449908
2020-09-18,-0.29680329995970517,-0.1668881328212169,-0.30317095816391515,-0.18763333819915806,-0.18572135787943508,102,191,207,226,232,0.11108194208027009
2020-10-16,-0.35776984365681974,-0.37623607605729237,-0.42669916634568955,-0.42329224493633244,-0.33203186797786743,98,205,216,235,249,0.025737975678952307
2020-11-20,-0.1750043269922547,-0.13333604483043632,-0.05370441623129988,0.010459539481899415,0.1702527548148924,145,192,209,227,236,0.3452570818071471
2020-12-18,-0.2884435363941261,-0.29920394896517133,-0.30940826415094935,-0.30128238282682535,-0.3489471067491168,129,182,222,228,234,-0.060503570354990655
2021-01-15,-0.4142827026850606,-0.36643886665566217,-0.3510497429779011,-0.33065667324980436,-0.3626272081914083,136,214,234,249,259,0.05165549449365231
2021-02-19,-0.2771855035493118,-0.2579216205334502,-0.22108765861796623,-0.21748033462210023,-0.25649735782700356,164,207,224,235,242,0.02068814572230826
2021-03-19,-0.2505363521987475,-0.1749630701286328,-0.10803942212003657,-0.08466996337137192,-0.012250956943347581,167,221,231,238,244,0.2382853952553999
2021-04-16,-0.41560148345237824,-0.4189375895100205,-0.36576073980739754,-0.40188290344973815,-0.42354126294042627,156,226,252,271,277,-0.007939779488048027
2021-05-21,-0.3438200216561178,-0.20634161531980363,-0.19774820093181714,-0.20775112292595127,-0.17309200735383667,157,210,235,252,254,0.17072801430228113
2021-06-18,-0.5101863605115583,-0.4655103494685284,-0.44404546682211554,-0.29377643905990314,-0.3399644214642844,120,212,237,252,268,0.1702219390472739
2021-07-16,-0.4978728587090224,-0.3641109643704376,-0.39675191569955276,-0.38961490299955964,-0.4236941836269461,135,203,254,281,288,0.07417867508207632
2021-08-20,-0.3717277532315493,-0.3729428649411446,-0.2651688425367609,-0.24816062246028814,-0.22089142278531634,158,222,251,264,273,0.15083633044623293
2021-09-17,-0.4911334611401463,-0.4970950858758572,-0.41975485381944627,-0.45534240531116427,-0.43938870060569557,141,211,246,276,292,0.05174476053445071
2021-10-15,-0.37654733650907357,-0.32913201743332343,-0.20782577500188687,-0.2479338575780795,-0.21943886140436403,149,206,263,292,308,0.15710847510470954
2021-11-19,-0.253915615078634,-0.2047445682536684,-0.22677644884655984,-0.14871148734880416,0.15984177983107145,145,224,264,273,288,0.4137573949097055
2021-12-17,-0.13155463636365414,-0.07733918408817891,0.008146633934282993,0.031231516391040604,0.1227295374876505,159,231,277,292,308,0.25428417385130464
2022-01-21,-0.4805875236833067,-0.36993405141064706,-0.38637709398231473,-0.3752970618580502,-0.3110659083661958,179,251,281,300,320,0.1695216153171109
2022-02-18,-0.43532957954261986,-0.32531285833674695,-0.32495333961742967,-0.25060872453845645,-0.12099327947833761,144,206,254,272,286,0.31433630006428226
2022-03-18,-0.13955434982294254,-0.0926891049122231,0.06692658763455855,0.10872303553804898,0.2492074039638747,135,200,258,278,296,0.3887617537868172
2022-04-14,-0.48900451130870054,-0.44442414876776176,-0.3737654538952887,-0.3051014745331091,-0.28235400351990264,136,211,251,288,320,0.2066505077887979
2022-05-20,-0.10163488714344286,0.11528602809580864,0.10397828354754174,0.21291046414513842,0.45564034478218296,118,210,255,279,288,0.5572752319256258
2022-06-17,-0.4124048317676017,-0.3185791539655917,-0.16638141708760007,-0.15145257355465583,-0.12945671084472343,125,211,254,275,292,0.28294812092287824
2022-07-15,-0.571136028798164,-0.4454073032151723,-0.5044826892255032,-0.4511375629627866,-0.40417949810931203,105,187,246,277,302,0.16695653068885202
2022-08-19,-0.46061591310258665,-0.2584780752851653,-0.3851293365446036,-0.2847681656808879,-0.25415058287974845,115,190,250,270,275,0.2064653302228382
2022-09-16,-0.30302566458665847,-0.2417532145638958,-0.17363780137326362,-0.13424118053146672,-0.1710872373269519,95,189,255,273,300,0.13193842725970656
2022-10-21,-0.13712819390705344,-0.20339098370810715,-0.11604613373555296,-0.10673578084136677,-0.14588694937255672,108,197,262,285,312,-0.008758755465503282
2022-11-18,-0.3740131242680859,-0.03826489143910906,-0.08572937651004142,0.1291925226357141,0.10134457326159114,103,178,231,262,281,0.47535769752967705
2022-12-16,-0.5009545710769228,-0.4634256431820884,-0.38797106241329465,-0.3907334273018971,-0.3718521414158515,86,170,243,267,292,0.12910242966107127
2023-01-20,-0.447176708349267,-0.329445172876661,-0.3767232279066305,-0.3934536503442371,-0.3392181045908587,84,175,235,272,297,0.10795860375840827
2023-02-17,-0.3463352021976478,-0.41117812591328107,-0.26668603779637345,-0.18912256605271932,-0.1596500948737407,80,148,217,247,277,0.18668510732390708
2023-03-17,-0.23132608682487743,-0.1311033780208677,-0.05314713729395052,-0.0749349284961166,-0.12724132231145407,80,157,213,253,273,0.10408476451342336
2023-04-21,-0.5727049957185383,-0.5014270914754717,-0.508237490293811,-0.5163309921590483,-0.5342831745805445,109,208,256,280,309,0.03842182113799375
2023-05-19,-0.04891755307678667,-0.23106882068219192,-0.20420028736801776,-0.13163193688754307,-0.04738381229882801,61,142,201,243,264,0.0015337407779586615
2023-06-16,-0.2714233266219798,-0.27551074520965796,-0.22453871895325103,-0.08341017242575285,-0.07309250569035103,59,141,201,241,268,0.1983308209316288
2023-07-21,-0.38379901555235996,-0.2659848481964668,-0.32764976660535416,-0.23095009715148784,-0.1812741739382535,76,161,213,264,296,0.20252484161410644
2023-08-18,-0.22090188327923593,-0.08505876075507297,-0.17780290961613923,-0.05233754516375176,-0.11290010272195489,81,152,212,238,259,0.10800178055728105
2023-09-15,-0.3822417462030914,-0.3905992254232635,-0.366613331069796,-0.3465162511201611,-0.36957239952391224,78,151,200,240,263,0.012669346679179183
2023-10-20,-0.06088097003493193,-0.030214344961751155,0.007924079937818334,0.11363145044728887,0.1255688466682078,85,162,225,261,281,0.18644981670313973
2023-11-17,-0.17282166603546903,-0.23336955452330307,-0.07819832494624576,-0.07353587003646771,-0.05930826430529881,96,181,222,242,255,0.11351340173017022
2023-12-15,-0.22883408057795648,-0.14730573652643938,-0.12619495545322676,-0.10226709789486109,-0.0684577862373725,71,143,201,236,260,0.16037629434058398
2024-01-19,-0.40326484630880705,-0.35466656583661377,-0.2888707017776305,-0.3070565930114722,-0.29348553172734054,98,194,245,274,286,0.1097793145814665
2024-02-16,-0.18903437711468846,-0.1188870872652592,-0.04682291712945586,-0.005056523886302507,0.08406076639261262,88,173,220,243,256,0.2730951435073011
2024-03-15,-0.2651095639198719,-0.3253334629167524,-0.2533971438100362,-0.30507251003115105,-0.20380873601962504,107,175,217,240,257,0.06130082790024685
2024-04-19,-0.5034797804050283,-0.39128354848718405,-0.3860828065265303,-0.31757607715485564,-0.2625667729534446,127,210,267,286,300,0.24091300745158367
2024-05-17,-0.4153094363055585,-0.31544149662945087,-0.3644682290732307,-0.2107374749712816,-0.27423924889039436,112,177,231,255,258,0.14107018741516414
2024-06-21,-0.07166066218584666,-0.09320671676947721,-0.19693550690062872,-0.12085116602938559,0.010319012338582723,42,108,173,219,249,0.08197967452442938
2024-07-19,-0.32475987454622973,-0.12921885339081346,-0.10043996730821858,-0.08836413164613996,-0.022545847697344502,41,113,182,249,279,0.3022140268488852
2024-08-16,0.03325310990675479,-0.06890028815067022,-0.0611845529030648,0.08627385402153005,0.09230867188074422,41,124,187,225,243,0.05905556197398943
2024-09-20,-0.21610894805546535,-0.2635617624064669,-0.28781919382391863,-0.20598295321737334,-0.11991248425263958,42,120,192,225,250,0.09619646380282577
2024-10-18,-0.4025511581229451,-0.3345298605993176,-0.3106422711074551,-0.27720407545014447,-0.3114147164305108,48,134,208,264,279,0.09113644169243434
2024-11-15,0.045518455746086615,-0.08504328214971557,-0.010560237560845618,0.02402094946073333,0.01889976140102478,48,137,188,225,246,-0.026618694345061835
2024-12-20,-0.19191733378141215,-0.264417927596521,-0.1698241654810198,-0.18664625322501724,-0.09553178834725316,54,136,196,238,253,0.09638554543415899
2025-01-17,-0.24730580834994273,-0.453849325157456,-0.43744145944892365,-0.3469160724498992,-0.44559915477138673,52,154,219,258,277,-0.198293346421444
2025-02-21,-0.10265763098310014,-0.06611863303913343,-0.06549006616201032,0.24017496884597636,0.21989550911803293,48,112,142,163,161,0.32255314010113306
2025-03-21,-0.02146178089697276,0.027489554378769893,0.050733996183010985,0.08499151152402178,0.09005917114039735,65,127,149,174,176,0.11152095203737011
2025-04-17,0.7100351163672467,1.023431208165759,1.2585956106675658,1.6914793988131989,1.7333255067260658,53,120,144,166,165,1.023290390358819
2025-05-16,-0.3307330611095965,-0.43312088494508366,-0.37364865883731646,-0.4352926579768237,-0.3635417377015286,56,104,119,124,125,-0.032808676591932096
2025-06-20,-0.1287365547059633,-0.22684289292573265,-0.22083647672009207,-0.1404032871498726,-0.30016619757587554,52,102,114,119,121,-0.17142964286991225
2025-07-18,-0.2484784047281431,-0.2851427646651908,-0.12858483613695462,-0.21009363972944284,-0.28778160059845237,54,99,105,112,116,-0.03930319587030928
2025-08-15,0.128747254678521,-0.05169793302261196,0.20728093056138058,0.10992945881535236,-0.04531182037736694,46,78,94,96,102,-0.17405907505588794
2025-09-19,-0.19588069370240183,-0.14595475430966198,-0.09195172417804844,-0.1574279489254631,-0.047450751287720826,60,90,99,100,105,0.148429942414681
2025-10-17,-0.09001397091443283,-0.07915553802948268,-0.05280804534241005,-0.12362626464679463,0.11360490768952722,75,91,94,99,100,0.20361887860396005
2025-11-21,-0.13307877998979634,-0.2676729479591151,-0.05013682770621363,-0.121637784842825,-0.24002142246833527,76,88,92,93,92,-0.10694264247853894
2025-12-19,-0.3559644147809908,-0.3312960945608287,-0.4461785780628221,-0.41663767960893344,-0.42137023018275366,69,79,87,87,87,-0.06540581540176288
2026-01-16,-0.2857618230404571,-0.25414861488934265,-0.23600424973560694,-0.223085703442576,-0.21070524239342173,77,87,86,87,88,0.07505658064703538
2026-02-20,0.10796518522616934,0.1565352337188098,0.292965699305008,0.23815657297046197,0.16942197978092682,71,74,74,79,78,0.061456794554757485
2026-03-20,-0.2173712471949837,-0.207337143103907,-0.24377258624239567,-0.11919017779383559,-0.13608300855560052,76,83,80,84,83,0.0812882386393832
2026-04-17,-0.24444604256130334,-0.22663801112642162,-0.17188100790183045,-0.10718876119348485,-0.1368442637096077,77,80,82,84,83,0.10760177885169564
2026-05-15,-0.17732977969735111,-0.036892393126699015,-0.054975025517637645,0.03129378119973193,-0.060307492595615346,76,79,78,81,81,0.11702228710173576
2026-06-18,-0.0915214637552343,-0.15860468779302464,0.027914827083017776,0.005677912512106876,-0.006770710887807324,77,82,82,82,83,0.08475075286742698
2026-07-17,-0.21297947900051542,-0.1242793961474512,-0.20265467708859847,-0.10633639541794657,-0.20210070415434908,84,92,91,91,90,0.01087877484616634
2026-08-21,-0.2649058413817754,-0.14716089338199245,0.06782404965772694,-0.16529300063228075,-0.05812672934256453,71,78,78,78,78,0.2067791120392109
2026-09-18,-0.3637099935396803,-0.21393180275795196,-0.2900157386163204,-0.20268356371168197,-0.08792535514949402,67,84,86,87,87,0.2757846383901863
