Q1,Q2,Q3,Q4,Q5,N1,N2,N3,N4,N5,HL,m,Q_3_6_9_12,All_1_12,NonQ_1_12
-0.06769319464534494,-0.011708373758014656,0.02541156897819987,0.14421085104034118,0.06023702790852323,49,92,133,153,149,0.12793022255386816,24170,0.1074106315,0.2664047191,0.3100292033
-0.37442460136838024,-0.2683790868762014,-0.3047217823746449,-0.34805609915971064,-0.2977304993652664,41,70,102,125,149,0.07669410200311383,24171,0.054531885,0.0542971862,0.0460225397
-0.10914174396881368,-0.048306232050166716,-0.009809305482784945,-0.02608960919922494,0.06183136471043703,44,82,123,164,179,0.1709731086792507,24172,0.0458380295,0.1684471325,0.1703035179
-0.3619756485168621,-0.33174039139343225,-0.19444909409755728,-0.2664966648794337,-0.1927135134391474,51,94,145,175,184,0.1692621350777147,24173,0.2019692604,0.2320030983,0.1520182116
-0.4650639283344879,-0.4824985878528049,-0.43250722191260893,-0.3677049500970813,-0.3320160474955855,35,71,113,157,178,0.1330478808389024,24174,0.1475156451,0.2216695275,0.1166586311
-0.46088056806296274,-0.23107977834715254,-0.322308925990405,-0.3052057915433156,-0.2480173903553669,30,57,125,180,194,0.21286317770759583,24175,-0.022989238,0.1907694938,0.2130135272
-0.396675918508904,-0.24640955860412583,-0.1655908146572402,-0.22084758925296402,-0.11285080617225074,32,88,134,182,191,0.28382511233665325,24176,0.2074281041,0.1267829492,0.2631743754
-0.5140129888625374,-0.397869255933733,-0.46150092967158984,-0.39160904588377377,-0.323707296932799,33,62,104,151,173,0.19030569192973845,24177,0.3124518369,0.2831929608,0.1663755888
0.14524694273485353,0.14128126038956415,0.2561413350624038,0.709174749951388,0.576789673463143,25,60,114,192,205,0.4315427307282895,24178,-0.031116422,0.1993990697,0.3114280709
-0.34870366943522224,-0.38703661025920993,-0.4173932480827355,-0.31808587244067515,-0.25017755530527797,39,99,149,193,198,0.09852611412994428,24179,0.3145156683,0.2475397597,0.0801701979
-0.03149957535160015,0.09447093528944256,0.21965096077455118,0.2630120912469549,0.2677474021322292,17,59,100,143,168,0.29924697748382934,24180,0.3495461918,0.2772911119,0.3256409764
-0.3378662169582762,-0.2966916583352637,-0.23972648040214045,-0.148098632529711,-0.25174848024970964,29,57,111,186,219,0.08611773670856654,24181,0.1189709063,0.1167809651,0.2177265897
-0.19976558364229163,-0.2122098506034032,-0.15968936741664758,-0.20332124896326742,-0.2069630823051028,36,94,154,183,195,-0.007197498662811164,24182,-0.035992147,-0.089117048,-0.329062822
-0.3979471492117722,-0.16038727384294454,-0.17918002404102987,-0.19507344694710813,-0.13297659395839015,31,69,126,162,185,0.2649705552533821,24183,-0.031285376,-0.04255597,0.0336874344
-0.29816684506661784,-0.25586214430280696,-0.18671806493187854,-0.3224128020383335,-0.17940071630677853,33,72,129,195,221,0.1187661287598393,24184,0.0891155128,0.1648138195,-0.045297353
-0.2155345383759202,-0.2588913195944317,-0.29006621047821174,-0.20205750384982546,-0.19873620861185437,53,74,154,187,200,0.01679832976406584,24185,0.0413714409,0.040759101,-0.006312493
-0.3362179883668977,-0.28576291178682317,-0.27767020466238856,-0.39194931887110174,-0.253360862199511,26,68,124,158,195,0.08285712616738672,24186,0.0638850066,0.0097034202,-0.014545526
-0.25512945742062487,0.0005912621507559802,0.0005177208266128251,0.11270483919006177,0.12345971870674025,30,56,127,191,229,0.3785891761273651,24187,0.215822421,0.3891662224,0.3044898714
0.1824626338467716,0.08145926713020592,0.08475881821382847,0.3156075893079603,0.343330045945337,43,83,147,190,196,0.1608674120985654,24188,-0.113812073,0.2104025586,0.28022072
-0.1728715382236693,0.043942545038854294,-0.09220479389058645,0.0109787690623383,0.15044200186876772,26,79,131,167,190,0.323313540092437,24189,0.0925653749,-0.135698049,-0.193686537
-0.08958560786648567,-0.23881091364609425,-0.023434549073447834,0.04388354383830565,0.05779008532147431,41,71,150,213,232,0.14737569318795998,24190,0.1623443904,0.3025905339,0.2600885228
0.17723776054573445,-0.05887298994175968,0.12824481222445983,0.11026620146284022,0.2800800491233694,49,99,165,189,205,0.10284228857763497,24191,0.1758577085,0.1245948175,0.1095539384
-0.28611350134827357,-0.25780403642805333,-0.2689345959460258,-0.10764487984407335,0.04087017140477122,27,74,126,179,201,0.3269836727530448,24192,0.238498411,0.1977730654,0.0368464999
-0.1245195620930509,-0.18569409615483043,0.0038684312022067256,-0.16910934137515374,-0.02248526672940795,43,91,152,223,240,0.10203429536364295,24193,0.1324671758,0.0573271916,0.0783516119
-0.2630800292142459,-0.11458717457394943,0.024761185875870246,0.0026457611484641116,0.004994459537217342,57,110,168,203,208,0.2680744887514632,24194,0.2507033908,0.1867228654,0.2222340402
-0.4836451460122723,-0.2775995074930026,-0.33855239741996607,-0.14918258837425843,-0.30766532566855315,56,106,148,184,204,0.17597982034371917,24195,-0.043410342,-0.087923606,-0.051246142
-0.2718670494945684,-0.397543078845816,-0.3277116014872583,-0.32622203808663425,-0.31209256671965124,38,70,158,222,245,-0.04022551722508283,24196,0.0756365663,0.0418989993,-0.037289582
-0.3244015808233147,-0.35578851513305093,-0.20433173547324252,-0.18227888114911758,-0.14048663367736186,52,102,172,214,218,0.18391494714595286,24197,0.2596680211,0.2750382478,0.1159968242
-0.5043150927841883,-0.48003071402923814,-0.5109917143091942,-0.45268312922682236,-0.39011227424200695,32,84,141,194,213,0.11420281854218134,24198,0.1856340046,0.262866303,0.2647734839
-0.1093418755728716,0.13981203601379888,0.2628783512788553,0.2565157827001757,0.30839748955592694,31,82,156,224,249,0.41773936512879856,24199,0.3825829156,0.1370645103,0.4041460754
-0.29793302186038045,-0.28087450823782883,-0.2628793720281573,-0.3407883991984958,-0.272076722892033,53,109,168,213,228,0.025856298968347458,24200,0.0366801668,0.0281290534,0.1828180825
-0.3568850248053475,-0.20877895643224034,-0.22499339304694632,-0.03660803269067843,-0.09048933002240929,28,71,118,174,212,0.26639569478293823,24201,0.087175679,-0.022942806,-0.151587917
-0.3582658121328635,-0.358906255790835,-0.29815948989404256,-0.33836866927584897,-0.24288499496776106,52,114,158,227,256,0.11538081716510246,24202,-0.031187029,-0.069385268,0.1880898422
-0.19379188966393934,0.019564934371337942,0.13505694766543422,0.08922188910999519,0.2603092239672172,59,111,161,215,231,0.4541011136311565,24203,0.3729320538,0.3136979689,0.4125103922
-0.24091194661652207,-0.28991359337065614,-0.3386961698655335,-0.2484204767195957,-0.17575371116373203,62,95,135,184,221,0.06515823545279004,24204,0.0157137981,0.129860638,0.1456160899
-0.39453465945639693,-0.4252782707537339,-0.4531752774751268,-0.4846814506290416,-0.45226036308637646,79,121,184,228,261,-0.05772570362997953,24205,-0.05585794,0.0141921647,0.0746938807
-0.3183856301567418,-0.26079535125334163,-0.3815104854376959,-0.3375538851013126,-0.22651455788770425,60,92,152,213,232,0.09187107226903757,24206,0.1369054265,0.0733896435,0.2682232556
-0.3095724979854849,-0.2334015259756765,-0.32651633511256806,-0.25012637188120496,-0.22648138319715774,49,103,129,182,212,0.08309111478832718,24207,-0.005569764,0.0021017937,-0.125176109
-0.3384832674035156,-0.2912629416815793,-0.3444199788407907,-0.2521292305443586,-0.21822818295374896,60,110,165,219,257,0.12025508444976662,24208,0.1632968337,0.0161692698,-0.123265141
-0.3358000088144452,-0.19876556922854388,-0.29611756488463226,-0.1986327287972506,-0.19904361509043092,75,115,166,206,245,0.1367563937240143,24209,0.0911710675,0.066974365,0.0907657699
-0.25966803347877704,-0.21684178968783976,-0.2726147982987216,-0.2919514584361136,-0.13331003143002643,47,89,135,185,231,0.1263580020487506,24210,0.395566012,0.2171546055,0.1480766982
-0.39336356415500795,-0.3071153037670602,-0.2516511288213403,-0.1671900952734163,-0.26955279388713416,71,131,185,224,271,0.1238107702678738,24211,0.0667389605,0.1929637,0.2386603262
-0.034698650553559654,-0.08556978246316982,-0.12609407104993114,-0.11175456732479758,-0.14006038471137938,71,132,183,222,255,-0.10536173415781973,24212,-0.083744524,-0.117538052,-0.33736739
-0.344776622634175,-0.3173874388534502,-0.2911730072398058,-0.31758610718426533,-0.2908570875734796,51,95,150,194,229,0.05391953506069541,24213,0.0274333566,0.0784491979,0.1507243678
-0.3932271817631318,-0.35504514743921717,-0.284682803830248,-0.2715677941738507,-0.1929440229169012,75,124,195,226,269,0.20028315884623063,24214,0.1350740271,0.2350537716,0.3752901212
-0.030865965710197743,-0.10593709717957106,-0.018609664872405063,-0.05739533881942594,0.11518386214299767,92,143,201,233,260,0.14604982785319542,24215,0.2919518559,0.3593731742,0.041313816
-0.06920938611610383,-0.23281717965922985,-0.054691072997793376,0.012019469037408324,-0.16624696827400218,51,103,161,201,235,-0.09703758215789834,24216,-0.006162572,0.0764033322,0.1500107918
-0.13091178198653297,-0.30890001385367233,-0.2258679472134537,-0.18945039011575796,-0.16784962591340738,74,119,200,236,273,-0.03693784392687441,24217,-0.050881571,0.0752230697,0.0189315223
-0.07518127702729818,0.18040739456099433,0.3827383548118546,0.5277519731263515,0.4472236770544935,76,145,205,232,258,0.5224049540817917,24218,0.1912197285,0.4365539068,0.4536473674
-0.3709591498151153,-0.34019455781558483,-0.28417752909285104,-0.2209509407904034,-0.2530880341770803,78,136,180,218,242,0.11787111563803498,24219,0.1174713817,0.1109932809,0.0855826135
-0.0262111545238498,0.04339151867537011,0.14863418715372342,0.2961743625284071,0.21674731365563124,80,157,204,258,286,0.24295846817948105,24220,0.2650034196,0.2854671305,0.1790688127
-0.2038053010243056,-0.23517328455074002,-0.2958579787878988,-0.2493473923333414,-0.19621460930471293,102,163,227,260,274,0.007590691719592674,24221,0.005430337,0.0640766943,-0.057796722
-0.3964596632538133,-0.22033737325537514,-0.22926751343223944,-0.14350843987425257,-0.1615097069284609,48,115,170,216,241,0.23494995632535243,24222,0.2933443495,0.2173077916,-0.063897277
-0.2808915560014926,-0.21148950741495343,-0.21222435084408378,-0.15220183383869818,-0.06992387320607589,77,133,215,261,290,0.21096768279541672,24223,0.1980537681,0.1743728584,0.3543392023
-0.19766139216198347,-0.03773546295579503,-0.105092682610981,0.0614818986923896,-0.11346175747786982,86,167,231,257,274,0.08419963468411365,24224,0.0704267705,0.09753942,-0.024304512
-0.4252260548017757,-0.24205481754851707,-0.27212574073895435,-0.265910410407623,-0.16206128783770976,65,140,189,231,240,0.263164766964066,24225,0.2157701205,0.1348045518,-0.091914655
-0.06618424546498142,0.1012806709334616,0.2924021765773091,0.3926806333378593,0.44599883858017353,55,129,194,261,284,0.5121830840451549,24226,0.2682360232,0.2528460323,0.1645167352
0.13218937728154415,0.1970327937234369,0.6248712144863005,0.24724355852786215,0.5001538738934932,98,204,247,295,307,0.3679644966119491,24227,0.2179123935,0.1316181456,0.1884305315
0.047186480793279306,0.07875299925293863,0.11246601237186099,0.20043916610128862,0.148572025843569,103,165,236,248,268,0.10138554505028968,24228,0.0538901133,0.0825135115,0.1047988063
-0.36941378862167945,-0.3363462017564336,-0.3618390973766419,-0.31812365182937513,-0.2785067558468871,100,184,247,297,315,0.09090703277479234,24229,-0.066307438,-0.135461244,0.141714593
-0.3909309030046499,-0.2557235547097984,-0.25743114879797924,-0.31079997371809015,-0.21283554159086646,74,178,234,275,293,0.17809536141378343,24230,0.2067277926,0.0373585193,-0.066738309
-0.3682357584802461,-0.10384665623556165,-0.22207341459079177,-0.3185142016068472,-0.2527048962970838,76,148,209,249,267,0.11553086218316228,24231,0.0238579415,-0.011103085,-0.051880112
-0.3158639135843655,-0.2347508858364972,-0.16700677571575204,-0.06845970477417877,0.0625781738997252,70,157,211,290,315,0.3784420874840907,24232,0.3689122882,0.3407170642,0.2272463843
-0.2310334755992492,-0.07785630142038644,-0.11881439804152923,-0.06515987485993682,-0.05369841465263117,97,211,266,289,301,0.17733506094661802,24233,0.0964533406,0.1389396395,0.1768697473
-0.061635422665036174,0.5114942127804746,-0.08213514389775417,-0.09825177543677968,-0.06912989416972197,81,145,236,267,274,-0.007494471504685796,24234,0.3463068119,0.2258298507,0.1946989871
-0.33521805219214884,-0.30882954027459286,-0.18771803764525635,-0.3239053287062273,-0.31804671836011905,75,152,241,296,326,0.01717133383202979,24235,0.1108358992,0.21023351,0.236335406
0.18762526958711326,0.25459397714047444,0.3237842455925893,0.5089945459286721,0.5676515539696197,88,188,270,300,312,0.3800262843825065,24236,0.3259467378,0.4937098618,0.4266253523
-0.25417473024325826,-0.2889340085158842,-0.20136679944650573,-0.15075862131267798,-0.09119838561851855,73,183,241,276,280,0.1629763446247397,24237,0.1138206391,-0.004170995,0.0329344865
-0.3124659196830079,-0.180628913915904,-0.2643084993987599,-0.1912155392990972,-0.16315065653497976,74,166,250,319,339,0.14931526314802815,24238,0.1117852407,0.0919703178,0.1585901817
-0.28825829040328904,-0.23052714096220078,-0.17665493151151207,-0.16528395862362893,-0.09664704343179573,89,193,274,303,313,0.19161124697149332,24239,-0.010112872,-0.120859073,-0.353509658
-0.3621482162649082,-0.27478112024308854,-0.31145654055738814,-0.20408377366386346,-0.31168880178133607,76,167,236,258,274,0.05045941448357211,24240,0.075356983,-0.074880108,-0.175787354
-0.40139110489195123,-0.40814733504121053,-0.3995656394629644,-0.3527127867523361,-0.38526396084404546,71,133,233,300,323,0.016127144047905773,24241,0.035010316,0.0161290049,0.0905597702
-0.05701629097452734,0.06335028621545509,-0.01617371524049861,0.09780582340500336,0.18860744402997562,96,197,247,298,309,0.24562373500450296,24242,0.2566826499,0.1697539615,-0.057003199
1.6417379479202854,2.353358730250419,2.851703686978517,3.422501063723294,3.134022928297108,80,150,215,240,247,1.4922849803768226,24243,1.1704369959,0.5208048181,1.4966289472
-0.2716439349034527,-0.11988453440345974,-0.20949002805660683,-0.2227737199070297,-0.2091199111433467,147,205,257,275,284,0.06252402376010599,24244,-0.058497458,0.0785019845,0.058165458
-0.33411991412884656,-0.26791342444679533,-0.29010490084556356,-0.3093317247509844,-0.3304642187732139,151,236,276,293,297,0.003655695355632649,24245,0.015809707,0.0175245728,0.1109315183
-0.2955513811178893,-0.25384238395462183,-0.2002155518147759,-0.16724380363981625,-0.1614701264710509,145,230,243,256,267,0.1340812546468384,24246,0.0355326748,0.0968494386,0.0579822164
-0.45653872433501785,-0.447060308257511,-0.44715571315838587,-0.4406825127331879,-0.4112996134748066,165,264,293,311,323,0.04523911086021126,24247,0.0208637956,-0.005455956,0.0124069951
-0.4289066905315598,-0.5608285831364503,-0.4975161181904958,-0.5204106107081619,-0.5071342237210781,166,254,288,300,305,-0.0782275331895183,24248,-0.01258887,-0.044753799,-0.062520985
-0.1260951587793677,-0.33379942342823155,-0.28318142686419967,-0.20299784078511546,-0.22144125775126514,110,195,223,245,268,-0.09534609897189744,24249,-0.017560083,-0.012403861,0.0582914018
-0.3241200891771021,-0.39461784030715275,-0.3810253756993473,-0.3638111084164261,-0.3379888668279267,122,225,269,301,326,-0.013868777650824615,24250,0.047627726,0.022298236,0.0571106953
-0.15575145118382455,-0.017434155529946375,-0.015929134517669783,0.04653779492033164,0.08433144972453899,168,229,281,304,306,0.24008290090836354,24251,0.0638651645,0.118369073,0.2353581435
-0.1178509554036523,-0.33053454113970065,-0.33459922477027043,-0.31081250887296746,-0.3637314340683921,137,211,234,262,266,-0.24588047866473978,24252,-0.140997082,-0.159556905,-9.390785e-06
