n_months,mean,t_NW3,sd,sharpe_m,sharpe_ann,sortino_ann,skew,kurt,maxdd,hit_rate,worst,best,signal,period
83,0.16249106097712582,7.6567564562515384,0.20667513502100646,0.7862148533765817,2.7235281434271092,15.994195337071185,3.328891497687147,20.215699262525337,0.24588047866473972,0.8674698795180723,-0.24588047866473978,1.4922849803768226,Q_3_6_9_12,overlap_2014_2020
69,0.14434011653426715,7.327890846717053,0.1582934318256715,0.9118515839193434,3.158746544620917,24.166573578574177,2.465923960796245,10.904662326653959,0.16648042237254723,0.9420289855072463,-0.14950608367572946,0.9856650320846959,Q_3_6_9_12,post_2021_2026
152,0.1542514875129334,10.368570080752564,0.18590880066919727,0.8297158981053603,2.874220182732251,18.109235048318062,3.168167900476968,19.132577811450872,0.24588047866473972,0.9013157894736842,-0.24588047866473978,1.4922849803768226,Q_3_6_9_12,all_2014_2026
84,0.17573701173467052,7.686550568332251,0.24484984379528038,0.7177338119178247,2.4863028571035137,22.92086776139516,3.8297652623463203,23.513523843332607,0.16463144153151765,0.8214285714285714,-0.11964380459008409,1.8130885832908552,All_1_12,overlap_2014_2020
69,0.13953547138353936,6.771247619420527,0.16058924319519918,0.8688967492918029,3.009946632609679,14.642803554974297,1.9904304396949557,8.673628188377752,0.2629750895237456,0.8985507246376812,-0.17708176918819216,0.9435110007205739,All_1_12,post_2021_2026
153,0.1594108268704349,9.970994229405738,0.21118809176889447,0.7548286720866817,2.6148032221277604,18.62877758973188,3.7072061863660215,24.959546342721474,0.2629750895237456,0.8562091503267973,-0.17708176918819216,1.8130885832908552,All_1_12,all_2014_2026
84,0.16496712294960364,6.226691810639928,0.2815561603033654,0.58591196431951,2.029658581927749,6.646794560170669,2.986378489006725,19.6743464470986,0.6078723162259443,0.7857142857142857,-0.5390437164119444,1.9595553313080805,NonQ_1_12,overlap_2014_2020
69,0.1386790983651902,5.246683194232322,0.20718242650260274,0.6693574387857073,2.318722184802039,8.095224699219804,2.3467744090995186,13.309381552894358,0.4216834392541844,0.8260869565217391,-0.42168343925418444,1.280026156175399,NonQ_1_12,post_2021_2026
153,0.15311173931349562,8.098225887920053,0.2503258435504262,0.6116497487509812,2.118816882546876,7.058484241330015,2.9264614569398097,19.82174901959615,0.6078723162259443,0.803921568627451,-0.5390437164119444,1.9595553313080805,NonQ_1_12,all_2014_2026
84,0.16794321811855847,7.482237597987955,0.23273300454510432,0.721613242809361,2.4997415999207,22.278990001411387,4.368318433533748,29.042609632178547,0.17848262978089413,0.8809523809523809,-0.1784826297808942,1.8037260107033488,Q_nonannual_3_6_9,overlap_2014_2020
69,0.1448915055577169,6.959134191663098,0.16975010978551333,0.8535576544886695,2.9568104495273935,18.73649058231639,2.6088816865417956,13.193144525670387,0.2102904581826095,0.8405797101449275,-0.16044480018507684,1.0886552425269782,Q_nonannual_3_6_9,post_2021_2026
153,0.1575473477479829,10.048504976997135,0.20639803827226,0.7633180483051003,2.6442112839974965,20.657301558585775,4.0713096747205375,28.148124700194355,0.21029045818260939,0.8627450980392157,-0.1784826297808942,1.8037260107033488,Q_nonannual_3_6_9,all_2014_2026
80,0.1215171181875804,7.979936456950469,0.1710784974829565,0.7103003590482574,2.4605526210119955,20.53332127355895,3.6068872318998344,20.818865773282756,0.10923134926160483,0.7875,-0.1092313492616048,1.2162832579551692,Annual_12,overlap_2014_2020
69,0.11237211232597218,6.470117665269665,0.15460264502115162,0.7268446947372617,2.517863880993656,14.254244350734053,3.1346884909898773,17.695572981989987,0.13762822631163296,0.8260869565217391,-0.137628226311633,1.0326282536161926,Annual_12,post_2021_2026
149,0.11728218258723833,10.1595980639254,0.16317361642286907,0.7187570218661957,2.489847360338291,17.001974971360738,3.407102040779379,19.283242038693476,0.13762822631163307,0.8053691275167785,-0.137628226311633,1.2162832579551692,Annual_12,all_2014_2026
68,0.13331921332988808,4.262863201419746,0.26900189272220004,0.49560697131439024,1.7168329098037098,15.04332833088174,5.601414204409924,39.74451976972637,0.16470940916219046,0.7352941176470589,-0.16470940916219035,2.0574887104566044,Annual_12_24_36,overlap_2014_2020
69,0.1256601177819516,6.0001196199897056,0.18115841897530433,0.6936476841249188,2.402866062913694,16.679555176805895,4.507583576519901,30.02127654605499,0.1570367121603189,0.8695652173913043,-0.14929528924309737,1.3438087149608988,Annual_12_24_36,post_2021_2026
137,0.12946171265246023,6.8618573446986515,0.2281948604726408,0.5673296602049542,1.9652875922315354,15.749409508399475,5.582928816216988,42.4531753522567,0.16470940916219046,0.8029197080291971,-0.16470940916219035,2.0574887104566044,Annual_12_24_36,all_2014_2026
68,0.14784137973414269,4.302849369934083,0.30216774332836743,0.4892692320685024,1.6948783370457081,12.713630504463065,5.05376688255543,34.093876887550465,0.20863529929823887,0.7205882352941176,-0.1936150066074417,2.2326725730488723,Q_3_to_36,overlap_2014_2020
69,0.14893114028693735,6.43040639492542,0.19580624346067646,0.7606046551669177,2.634811814445014,18.258480102692058,4.020178427563291,25.30826442793328,0.22701782405824544,0.8840579710144928,-0.1755405680689817,1.4138690551683717,Q_3_to_36,post_2021_2026
137,0.14839023723883488,7.122853534232032,0.2532817626145261,0.5858702012614803,2.029513910450975,14.79264608878763,5.076423821804993,37.27031222246883,0.22701782405824544,0.8029197080291971,-0.1936150066074417,2.2326725730488723,Q_3_to_36,all_2014_2026
83,0.17755595092009602,8.15793085981352,0.24292978347469987,0.7308941224927561,2.531891510221848,18.51532772282349,3.3187695702050664,18.977474013140217,0.14548856431691448,0.8072289156626506,-0.12711484808449908,1.7175496560536079,Mom_2_12,overlap_2014_2020
69,0.1413761147330794,6.241012554075817,0.17601260464304777,0.8032158550223667,2.782421340687233,11.833210687831128,1.9322192335479047,8.653230077033683,0.3641171449719449,0.855072463768116,-0.198293346421444,1.023290390358819,Mom_2_12,post_2021_2026
152,0.16113220949309506,10.038165524923624,0.2152344961402169,0.7486356154922476,2.5933498447763417,15.024830874650897,3.1071578296853506,18.696711458615106,0.3641171449719449,0.8289473684210527,-0.198293346421444,1.7175496560536079,Mom_2_12,all_2014_2026
84,0.10721316870072932,3.6206759806299327,0.29091556401674407,0.3685370669771333,1.2766498489536182,2.4130109587518747,1.0058458218783934,20.356925757942093,1.0,0.7023809523809523,-1.3475381427382267,1.8062894646228775,Lag1,overlap_2014_2020
69,0.09916332593109256,5.488906040756815,0.12954478660740157,0.7654752346894278,2.6516839968355983,9.216973123158517,0.9363736252085234,3.1469364365832995,0.2138650543688947,0.8115942028985508,-0.21386505436889464,0.6184094091823664,Lag1,post_2021_2026
153,0.10358284745167746,5.695440201527715,0.23181301335661875,0.446837931796032,1.5478920012394481,3.073198219477996,1.178517824174888,28.025656203455686,1.0,0.7516339869281046,-1.3475381427382267,1.8062894646228775,Lag1,all_2014_2026
