,S0,NonQ
2014-02-21,-0.0769508577586177,-0.1411463956352623
2014-03-21,-0.0038650079316903674,0.0715224439901414
2014-04-17,0.20190555535803517,0.01601705196585928
2014-05-16,0.04353170340289203,0.12358140838563755
2014-06-20,0.2872126653482324,0.33509739335297273
2014-07-18,0.1895817098035052,0.38802971450977863
2014-08-15,-0.09770211836124096,-0.09337428631846012
2014-09-19,0.15581325728914952,0.0033860782882604856
2014-10-17,0.19622182424022416,0.18912225264185878
2014-11-21,0.2272756299303872,0.0082199165438821
2014-12-19,0.1971563939567148,0.2504078658220248
2015-01-16,-0.20817691964816026,0.32315211938888244
2015-02-20,-0.22675923776927545,-0.011938783629381444
2015-03-20,0.053049134289828145,0.08450389044857715
2015-04-17,0.20795512084867565,-0.054749114710153146
2015-05-15,0.3016690961084581,-0.23998565882839673
2015-06-19,0.2460578079626166,0.09574220190075786
2015-07-17,-0.07953374762717147,0.13802664682813776
2015-08-21,0.04487922608920375,0.7682568305748764
2015-09-18,0.4437161455305152,-0.010031081951242166
2015-10-16,0.008793953598933701,0.7361560147611824
2015-11-20,0.19914893850083887,-0.09588643332067674
2015-12-18,0.3422042437260128,-0.026922972010962054
2016-01-15,0.3739086593252492,0.13775478039058203
2016-02-19,0.24323705004603846,-0.23687585411905412
2016-03-18,-0.676260244457345,0.18043199547682726
2016-04-15,0.06147864479138754,0.019363155606381077
2016-05-20,0.11113435681366823,0.11923599654391427
2016-06-17,0.03585227122465706,0.209892329780405
2016-07-15,0.03518160203930666,0.19763645500859256
2016-08-19,0.20781831698295256,-0.09505116841141317
2016-09-16,0.19406333410255397,0.10720169198768245
2016-10-21,-0.10010922882616269,0.3573293302874273
2016-11-18,0.030446307417854424,0.2627081661069159
2016-12-16,0.04102536147483346,-0.1596827420987647
2017-01-20,-0.031220341501731697,0.001757790873622156
2017-02-17,0.19212646216582263,0.18828001971175687
2017-03-17,0.20042418210598395,-0.1111910358270174
2017-04-21,0.08801941243844491,0.09930588167910182
2017-05-19,0.0019504154318105704,-0.05497912576949471
2017-06-16,0.27828060545214084,0.13875478481451597
2017-07-21,0.05221079216567859,0.29759529972646803
2017-08-18,0.021975638348672666,0.16895284998866514
2017-09-15,-0.0675201668853457,-0.16281778781986242
2017-10-20,0.1305958669090963,0.0009694102561550455
2017-11-17,0.1456880307507965,0.33857859970782755
2017-12-15,-0.004773473354499541,-0.5274299295923146
2018-01-19,0.05434517905732189,-0.21016563442105993
2018-02-16,-0.028052057413402998,0.413664077274546
2018-03-16,0.05645158421013219,-0.07880675795652703
2018-04-20,0.1337155387650802,0.22901329368910187
2018-05-18,-0.010044104058387793,0.3106462453533323
2018-06-15,-0.11475386399316892,-0.4139791699989458
2018-07-20,0.21750249548821704,0.19506068870709845
2018-08-17,-0.041993809348942535,0.11628462545511349
2018-09-21,0.21547579552657736,0.05935102108776932
2018-10-19,0.2597543174436115,0.2249679125642854
2018-11-16,1.1572370297317236,-0.20405472697420834
2018-12-21,-0.028827235222061154,-0.04535488755011874
2019-01-18,0.14294566341330495,-0.17215853206085652
2019-02-15,0.043409125476026766,0.2380689898400983
2019-03-15,0.043897040630288875,0.051072943050892494
2019-04-18,0.18238802868583512,-0.09475974524318705
2019-05-17,0.06252703053125669,0.28452841466575124
2019-06-21,0.0088989527545201,0.02889015486518117
2019-07-19,0.0121621685401051,0.05823596225712452
2019-08-16,0.21201864431901662,0.06801955963184447
2019-09-20,0.11595350101927447,-0.19332246250228619
2019-10-18,0.10344628900591304,0.18494028253696604
2019-11-15,-0.022543921441231206,-0.15056881807036626
2019-12-20,0.14746852667090496,-0.042416643283188116
2020-01-17,-0.09628619887120488,0.24809272119255688
2020-02-21,0.27274963532215607,0.3439336900929047
2020-03-20,-1.2470276845566333,1.0383497635441272
2020-04-17,0.1210861544076533,-0.19284860461574466
2020-05-15,-0.24292843491728167,0.18035660872426143
2020-06-19,0.1284037823487286,0.0366692478245616
2020-07-17,0.036648324136197064,0.05225298902897718
2020-08-21,0.12520374035105575,-0.09712015349133635
2020-09-18,-0.2127842442892017,0.2697610987858568
2020-10-16,0.15722204632015713,0.009416443518105888
2020-11-20,0.14775593980698634,0.24234991273998968
2020-12-18,-0.03870256031388303,-0.07905458381591346
2021-01-15,0.06227120575064987,-0.08124529328340191
2021-02-19,-0.006736159186157942,0.05103387349900898
2021-03-19,-0.028381994362148548,0.26790402964688664
2021-04-16,-0.0583491637772422,-0.13552373729815687
2021-05-21,-0.06181115924810468,0.16154345309322732
2021-06-18,-0.2636527587634629,0.38324112063405796
2021-07-16,0.146701537089312,-0.03531594091128182
2021-08-20,0.1786462201060983,0.06638637272840581
2021-09-17,-0.018849808946717284,-0.041090756581477095
2021-10-15,0.09433011185198936,0.013548021988842973
2021-11-19,0.2770653855657973,0.5568179883022367
2021-12-17,0.2158665803330267,-0.2733530251276541
2022-01-21,0.09317215939099799,0.1117082173789955
2022-02-18,0.48678061684025736,0.5051439815025185
2022-03-18,0.21719001389733414,0.20968962340579994
2022-04-14,0.17764069114621978,0.06509508144540571
2022-05-20,0.2832076380445456,0.37673442668312174
2022-06-17,0.06969439867640885,0.13145020053540613
2022-07-15,0.10782324740955407,0.09028152557782693
2022-08-19,0.053774370070343136,0.054752006100291684
2022-09-16,-0.1404917554987151,-0.050146880881436984
2022-10-21,-0.08379658412475201,-0.09082461040644264
2022-11-18,-0.23205433197688258,-0.14895280329670726
2022-12-16,-0.04465991543316927,0.08923212199425057
2023-01-20,0.08981038916840434,0.04123211240453928
2023-02-17,0.3418421014827017,0.32075019008971345
2023-03-17,0.04937492308283971,-0.19345155560761118
2023-04-21,-0.04851331443535195,-0.051198384044691014
2023-05-19,0.023785524787668058,-0.051508328372992476
2023-06-16,-0.08869893195322598,-0.05591335871120113
2023-07-21,0.047802856888734785,0.1003727582984926
2023-08-18,0.1563897295104663,-0.018458870352320383
2023-09-15,-0.01758084623894446,-0.045657783708466404
2023-10-20,0.03463756764396092,0.10441665570177527
2023-11-17,0.18209702684642062,0.06544552106688861
2023-12-15,0.019477099325525993,0.14824176235190492
