bench,kind,K,period,n,mean,sharpe,maxdd,worst,hit,sharpe_q95,sharpe_q05
seasonal,STRADDLE,3,pre_2019_2020,18.0,-0.052627953705177394,-0.41995316246506714,-1.001419687154456,-1.0026678609256499,0.4444444444444444,,
seasonal,STRADDLE,3,dev_2021_2023,36.0,-0.06398194016400417,-0.6496290670173918,-0.9994982383360816,-0.939409604806348,0.4444444444444444,,
seasonal,STRADDLE,3,hold_2024_2025,24.0,0.12656467472673835,1.0930235989596726,-0.6607326127122182,-0.36200683422035335,0.625,,
seasonal,STRADDLE,3,ext_2026,9.0,-0.08301763204169509,-1.0425909667725584,-0.752886664628277,-0.5990538526791163,0.5555555555555556,,
seasonal,STRADDLE,3,post_2021_2026,69.0,-0.00018777305561863106,-0.0017902205705405117,-0.9994982383360816,-0.939409604806348,0.5217391304347826,,
seasonal,STRADDLE,3,frozen_2024_2026,33.0,0.06940586378989289,0.6343570080412,-0.752886664628277,-0.5990538526791163,0.6060606060606061,,
seasonal,STRADDLE,10,pre_2019_2020,18.0,-0.032296467452183564,-0.42535136245716615,-0.7415534544259248,-0.5219413404733023,0.4444444444444444,,
seasonal,STRADDLE,10,dev_2021_2023,36.0,-0.03375162287836159,-0.78426335055306,-0.9169864838266802,-0.4986640371046576,0.5,,
seasonal,STRADDLE,10,hold_2024_2025,24.0,-0.059869806499905996,-0.9391459866203674,-0.9104977113306928,-0.39385978583762,0.2916666666666667,,
seasonal,STRADDLE,10,ext_2026,9.0,-0.1455696276376163,-3.546039816556651,-0.7846506187040716,-0.4074096259040944,0.1111111111111111,,
seasonal,STRADDLE,10,post_2021_2026,69.0,-0.05742116562836678,-1.1182533457705672,-0.9962314740692638,-0.4986640371046576,0.37681159420289856,,
seasonal,STRADDLE,10,frozen_2024_2026,33.0,-0.0832424849920088,-1.4136407179524642,-0.9754917280051724,-0.4074096259040944,0.24242424242424243,,
seasonal,IFLY15,3,pre_2019_2020,18.0,-0.09309410473589722,-1.2664196319306606,-0.9418520720113412,-0.5628726788715371,0.4444444444444444,,
seasonal,IFLY15,3,dev_2021_2023,36.0,-0.09446747294789697,-1.490854474419635,-0.9924907532569438,-0.7306102743840378,0.3888888888888889,,
seasonal,IFLY15,3,hold_2024_2025,24.0,-0.020854745262072854,-0.32094494917144095,-0.9024413280526535,-0.4659841837620595,0.5,,
seasonal,IFLY15,3,ext_2026,9.0,-0.17549096827678895,-2.3407925940719703,-0.9114299759789087,-0.6419673811111378,0.2222222222222222,,
seasonal,IFLY15,3,post_2021_2026,69.0,-0.07943132792616145,-1.2017641714747234,-0.9997541454201355,-0.7306102743840378,0.4057971014492754,,
seasonal,IFLY15,3,frozen_2024_2026,33.0,-0.06302826062972268,-0.9052640333341276,-0.9722761839244108,-0.6419673811111378,0.42424242424242425,,
seasonal,IFLY15,10,pre_2019_2020,18.0,-0.10305154421117807,-1.8660888979296777,-0.9037079952461075,-0.39572146185098683,0.2777777777777778,,
seasonal,IFLY15,10,dev_2021_2023,36.0,-0.08279193562239326,-2.2370362798705687,-0.976170984070666,-0.5609831929463198,0.25,,
seasonal,IFLY15,10,hold_2024_2025,24.0,-0.09382843772158828,-2.3782871856655543,-0.9276159399917696,-0.30804128186702256,0.20833333333333334,,
seasonal,IFLY15,10,ext_2026,9.0,-0.1597643944078375,-4.594765738783777,-0.8085866059601039,-0.38476067006563996,0.1111111111111111,,
seasonal,IFLY15,10,post_2021_2026,69.0,-0.0966706048897799,-2.5596709956676933,-0.9996281013649246,-0.5609831929463198,0.21739130434782608,,
seasonal,IFLY15,10,frozen_2024_2026,33.0,-0.1118109713632926,-2.891700245151528,-0.9861447213994371,-0.38476067006563996,0.18181818181818182,,
mom_2_12,STRADDLE,3,pre_2019_2020,18.0,-0.12855145386685815,-0.8641681308711453,-1.2110237516947955,-1.5127802163867752,0.3333333333333333,,
mom_2_12,STRADDLE,3,dev_2021_2023,36.0,-0.03132804163375523,-0.43693258668664725,-0.9468829703078921,-0.5640634680134681,0.4444444444444444,,
mom_2_12,STRADDLE,3,hold_2024_2025,24.0,-0.06612559328620926,-0.8242328315660409,-0.9599193322457108,-0.6979539802536167,0.5,,
mom_2_12,STRADDLE,3,ext_2026,9.0,-0.08038662428930457,-1.1156288740018012,-0.7123463507496739,-0.3866260787064524,0.4444444444444444,,
mom_2_12,STRADDLE,3,post_2021_2026,69.0,-0.04983048342446306,-0.6739348635006804,-0.9986628780356299,-0.6979539802536167,0.463768115942029,,
mom_2_12,STRADDLE,3,frozen_2024_2026,33.0,-0.07001496537796253,-0.9093949213168147,-0.9884706496560889,-0.6979539802536167,0.48484848484848486,,
mom_2_12,STRADDLE,10,pre_2019_2020,18.0,-0.10345704662066108,-1.509906211694638,-0.922796604414428,-0.4526382878734262,0.2222222222222222,,
mom_2_12,STRADDLE,10,dev_2021_2023,36.0,-0.034138085092315765,-0.7641545280649917,-0.881716483279662,-0.30228235048884644,0.4722222222222222,,
mom_2_12,STRADDLE,10,hold_2024_2025,24.0,-0.04466505016649409,-0.8326158052983595,-0.8307406342833639,-0.46885071893376207,0.375,,
mom_2_12,STRADDLE,10,ext_2026,9.0,-0.06300892113002915,-1.4244983254549781,-0.5483581128050804,-0.3785664711078002,0.3333333333333333,,
mom_2_12,STRADDLE,10,post_2021_2026,69.0,-0.041565399383905625,-0.878513035864729,-0.983547653833184,-0.46885071893376207,0.42028985507246375,,
mom_2_12,STRADDLE,10,frozen_2024_2026,33.0,-0.04966792406564002,-0.9810332908075876,-0.9235553806423233,-0.46885071893376207,0.36363636363636365,,
mom_2_12,IFLY15,3,pre_2019_2020,18.0,-0.13347876184969354,-1.9903964207623115,-0.9599348782822676,-0.4885442275903107,0.2777777777777778,,
mom_2_12,IFLY15,3,dev_2021_2023,36.0,-0.06770368287874162,-1.2463572189492182,-0.9693171749840352,-0.6411613422753888,0.3611111111111111,,
mom_2_12,IFLY15,3,hold_2024_2025,24.0,-0.11047826488763544,-1.473810864989127,-0.9851907023510763,-0.769334524672035,0.4166666666666667,,
mom_2_12,IFLY15,3,ext_2026,9.0,-0.12521301176298238,-2.8694813289067214,-0.734544274967969,-0.31322240207831276,0.2222222222222222,,
mom_2_12,IFLY15,3,post_2021_2026,69.0,-0.09008301517108391,-1.4826916837608832,-0.999859500428872,-0.769334524672035,0.36231884057971014,,
mom_2_12,IFLY15,3,frozen_2024_2026,33.0,-0.11449683221727552,-1.7033225243053547,-0.9960687871553898,-0.769334524672035,0.36363636363636365,,
mom_2_12,IFLY15,10,pre_2019_2020,18.0,-0.15813309269234913,-3.132674204236156,-0.9692761485980728,-0.45097275915461965,0.16666666666666666,,
mom_2_12,IFLY15,10,dev_2021_2023,36.0,-0.08313357303002422,-2.3962511008378304,-0.9735515908302327,-0.43883659315061047,0.25,,
mom_2_12,IFLY15,10,hold_2024_2025,24.0,-0.07285568995727762,-1.7628020279034093,-0.8944931723345688,-0.3965196787762965,0.2916666666666667,,
mom_2_12,IFLY15,10,ext_2026,9.0,-0.09168000673587196,-3.2321061335141765,-0.5984570551717517,-0.23288186570840558,0.1111111111111111,,
mom_2_12,IFLY15,10,post_2021_2026,69.0,-0.08067340940113596,-2.2415194364008344,-0.9984693702935435,-0.43883659315061047,0.2463768115942029,,
mom_2_12,IFLY15,10,frozen_2024_2026,33.0,-0.07798959453325789,-2.058852033562092,-0.9576344777197363,-0.3965196787762965,0.24242424242424243,,
hv_iv,STRADDLE,3,pre_2019_2020,18.0,0.05627126406972343,0.35731362620233337,-3.054483314369288,-1.517123809295039,0.6666666666666666,,
hv_iv,STRADDLE,3,dev_2021_2023,36.0,-0.034388868192342166,-0.4843819693830069,-0.9609089249145208,-0.8529643649759872,0.4166666666666667,,
hv_iv,STRADDLE,3,hold_2024_2025,24.0,-0.033998539118885646,-0.4859602844762977,-0.8323037648573783,-0.5596918764319446,0.5,,
hv_iv,STRADDLE,3,ext_2026,9.0,-0.0590009238218967,-0.6894586581956781,-0.7350369775707942,-0.5630480998233681,0.4444444444444444,,
hv_iv,STRADDLE,3,post_2021_2026,69.0,-0.037463369683690496,-0.5237063765552032,-0.9977678373994263,-0.8529643649759872,0.4492753623188406,,
hv_iv,STRADDLE,3,frozen_2024_2026,33.0,-0.040817371310615934,-0.5575506576076027,-0.9505832150742022,-0.5630480998233681,0.48484848484848486,,
hv_iv,STRADDLE,10,pre_2019_2020,18.0,0.07415795137810786,1.1070043195398611,-0.546393898423978,-0.32654216646916656,0.6111111111111112,,
hv_iv,STRADDLE,10,dev_2021_2023,36.0,-0.061312926445419004,-1.0149178020525504,-0.96860279828552,-0.5100556875856441,0.3611111111111111,,
hv_iv,STRADDLE,10,hold_2024_2025,24.0,-0.015162703004722689,-0.27848506165722947,-0.75046723574761,-0.3455332544497024,0.5,,
hv_iv,STRADDLE,10,ext_2026,9.0,-0.028221500783670257,-0.5873658678958679,-0.3599980781191554,-0.2638654258434826,0.3333333333333333,,
hv_iv,STRADDLE,10,post_2021_2026,69.0,-0.04094440190147045,-0.7246641517418443,-0.9876230417765921,-0.5100556875856441,0.4057971014492754,,
hv_iv,STRADDLE,10,frozen_2024_2026,33.0,-0.018724193308072026,-0.3596304862374466,-0.7862209995241047,-0.3455332544497024,0.45454545454545453,,
hv_iv,IFLY15,3,pre_2019_2020,18.0,-0.022471519700980148,-0.2513405731186945,-0.8537796728145906,-0.6331791713155744,0.5555555555555556,,
hv_iv,IFLY15,3,dev_2021_2023,36.0,-0.0777390228273179,-1.4564172030770173,-0.9745336199217808,-0.4329425156743196,0.3888888888888889,,
hv_iv,IFLY15,3,hold_2024_2025,24.0,-0.06089161194840018,-0.8745998586468665,-0.8960923950903887,-0.4137984112286932,0.375,,
hv_iv,IFLY15,3,ext_2026,9.0,-0.0518433302421198,-0.6636681831322843,-0.5680101276998452,-0.3065102956147923,0.2222222222222222,,
hv_iv,IFLY15,3,post_2021_2026,69.0,-0.06850135479310328,-1.1065330798354316,-0.9988568897576517,-0.4329425156743196,0.36231884057971014,,
hv_iv,IFLY15,3,frozen_2024_2026,33.0,-0.05842389875577826,-0.8253393293164125,-0.9551129670240821,-0.4137984112286932,0.3333333333333333,,
hv_iv,IFLY15,10,pre_2019_2020,18.0,-0.058787259807735706,-1.1351012542756476,-0.8047328621881629,-0.4664828401650559,0.4444444444444444,,
hv_iv,IFLY15,10,dev_2021_2023,36.0,-0.09870492377625512,-2.2513592746466227,-0.9880867797742939,-0.37826950547928667,0.2222222222222222,,
hv_iv,IFLY15,10,hold_2024_2025,24.0,-0.057812186857656135,-1.1969256688631562,-0.8331046093246797,-0.3512857874398967,0.2916666666666667,,
hv_iv,IFLY15,10,ext_2026,9.0,-0.10530573927688085,-2.946605546320481,-0.6588743464227704,-0.2599261312063895,0.2222222222222222,,
hv_iv,IFLY15,10,post_2021_2026,69.0,-0.08534233904378058,-1.926089870727314,-0.9991665922942916,-0.37826950547928667,0.2463768115942029,,
hv_iv,IFLY15,10,frozen_2024_2026,33.0,-0.07076497388108105,-1.5688586868303498,-0.9430677007768542,-0.3512857874398967,0.2727272727272727,,
B3_EW_long_vol,STRADDLE,all_L,pre_2019_2020,18.0,0.13682052156037425,0.5119215826819259,-0.7146485208133567,-0.34299246129850425,0.4444444444444444,,
B3_EW_long_vol,STRADDLE,all_L,dev_2021_2023,36.0,-0.060399124881359234,-1.0190967360385608,-0.9745020419141021,-0.31396329675963147,0.3333333333333333,,
B3_EW_long_vol,STRADDLE,all_L,hold_2024_2025,24.0,-0.04616066765216622,-1.065578834445507,-0.7505942229871407,-0.2785128936925808,0.3333333333333333,,
B3_EW_long_vol,STRADDLE,all_L,ext_2026,9.0,0.003781975012945508,0.08059116058549781,-0.4628125585134856,-0.22226135165893587,0.4444444444444444,,
B3_EW_long_vol,STRADDLE,all_L,post_2021_2026,69.0,-0.04707517020673061,-0.8996258669988322,-0.9883679202863557,-0.31396329675963147,0.34782608695652173,,
B3_EW_long_vol,STRADDLE,all_L,frozen_2024_2026,33.0,-0.03253994692531756,-0.7384230821791579,-0.7682665084456859,-0.2785128936925808,0.36363636363636365,,
B4_EW_short_vol,STRADDLE,all_L,pre_2019_2020,18.0,-0.24786993345246666,-0.8374222144356436,-3.125508959615011,-4.288303338940263,0.4444444444444444,,
B4_EW_short_vol,STRADDLE,all_L,dev_2021_2023,36.0,-0.019040732421630183,-0.30034144922905626,-0.9214819270070053,-0.6419183424813389,0.6111111111111112,,
B4_EW_short_vol,STRADDLE,all_L,hold_2024_2025,24.0,-0.061021029005223916,-1.3319757002198351,-0.8860305517796906,-0.5752931112931272,0.4166666666666667,,
B4_EW_short_vol,STRADDLE,all_L,ext_2026,9.0,-0.11398756737212776,-2.2228218651787603,-0.7707721651590898,-0.34975932255815206,0.3333333333333333,,
B4_EW_short_vol,STRADDLE,all_L,post_2021_2026,69.0,-0.04602694448772768,-0.8165078983530204,-0.9974034948987938,-0.6419183424813389,0.5072463768115942,,
B4_EW_short_vol,STRADDLE,all_L,frozen_2024_2026,33.0,-0.07546644855983405,-1.6039488622500555,-0.9710266637203674,-0.5752931112931272,0.3939393939393939,,
B3_EW_long_vol,IFLY15,all_L,pre_2019_2020,18.0,-0.06024158026340633,-1.3027985671913866,-0.7561120283832314,-0.31130129289742325,0.3333333333333333,,
B3_EW_long_vol,IFLY15,all_L,dev_2021_2023,36.0,-0.0632130031418888,-1.8244372187726523,-0.949490286349981,-0.23551537983759777,0.3333333333333333,,
B3_EW_long_vol,IFLY15,all_L,hold_2024_2025,24.0,-0.07645541046835085,-2.7116690537537536,-0.8687252635537087,-0.2580349149072193,0.125,,
B3_EW_long_vol,IFLY15,all_L,ext_2026,9.0,-0.03242792241416551,-1.0695440314566655,-0.39726445441988345,-0.17331576956798236,0.4444444444444444,,
B3_EW_long_vol,IFLY15,all_L,post_2021_2026,69.0,-0.06380361255182473,-2.00713121802321,-0.9932830609170622,-0.2580349149072193,0.2753623188405797,,
B3_EW_long_vol,IFLY15,all_L,frozen_2024_2026,33.0,-0.06444791372630031,-2.2313381355616535,-0.9068337487705541,-0.2580349149072193,0.21212121212121213,,
B4_EW_short_vol,IFLY15,all_L,pre_2019_2020,18.0,-0.163418324573527,-1.9729813314543858,-1.0363775307780538,-1.0997802639825083,0.2777777777777778,,
B4_EW_short_vol,IFLY15,all_L,dev_2021_2023,36.0,-0.09306739847060681,-2.347686444622063,-0.9808728647424447,-0.4194575543631561,0.3333333333333333,,
B4_EW_short_vol,IFLY15,all_L,hold_2024_2025,24.0,-0.12230830881329229,-3.6369021874910428,-0.9656079059254717,-0.45358790020090106,0.08333333333333333,,
B4_EW_short_vol,IFLY15,all_L,ext_2026,9.0,-0.14793494325848766,-4.094548817721874,-0.7877603405833218,-0.37148117036160166,0.1111111111111111,,
B4_EW_short_vol,IFLY15,all_L,post_2021_2026,69.0,-0.11039478617082966,-2.973960879369433,-0.9998591063432296,-0.45358790020090106,0.21739130434782608,,
B4_EW_short_vol,IFLY15,all_L,frozen_2024_2026,33.0,-0.1292973909347092,-3.8120864335388425,-0.9927006336669958,-0.45358790020090106,0.09090909090909091,,
B5_random,STRADDLE,3,pre_2019_2020,,,-0.5207273149335903,,,,0.8058598287781741,-2.1910215823743204
B5_random,STRADDLE,3,dev_2021_2023,,,-0.41936284100347443,,,,0.4686272603806837,-1.3508356217184654
B5_random,STRADDLE,3,hold_2024_2025,,,-0.5233626750131222,,,,0.4633948920310785,-1.9471257475375063
B5_random,STRADDLE,3,ext_2026,,,-0.4903094882873318,,,,1.5377328145554008,-2.6385870406425327
B5_random,STRADDLE,3,post_2021_2026,,,-0.4613188988979686,,,,0.12494337993366844,-1.2473328725786506
B5_random,STRADDLE,3,frozen_2024_2026,,,-0.4883854994301414,,,,0.4242762904869426,-1.6380689302755789
B5_random,IFLY15,3,pre_2019_2020,,,-1.493416523952677,,,,-0.4445632318984802,-3.4287663994649
B5_random,IFLY15,3,dev_2021_2023,,,-1.166293808031166,,,,-0.30152223724895405,-2.177059717006723
B5_random,IFLY15,3,hold_2024_2025,,,-1.4615045466861343,,,,-0.3661145653656264,-2.654628452651657
B5_random,IFLY15,3,ext_2026,,,-1.3897009707143644,,,,0.37995392437119424,-3.573927232967554
B5_random,IFLY15,3,post_2021_2026,,,-1.2865902984030324,,,,-0.5288426488117438,-1.9382667506347306
B5_random,IFLY15,3,frozen_2024_2026,,,-1.3713735599054755,,,,-0.4287262265439658,-2.4536340328580364
