X,pnl,n_pos,n_long,n_short,contracts,max_loss_total,premium_total,net_vega,gross_vega,net_delta,net_gamma,net_theta,traded,tickers,ret
2019-07-19,-116.48126311351754,6.0,3,3,24.0,1346.0,446.0,13.687662279546142,34.15580177295717,-1.655243533168174,-29.636911696912335,-4.448656829941429,True,"SBUX+x1,WBA+x1,INTC+x1,EXEL-x1,ADM-x1,SYMC-x1",-0.004659250524540702
2019-08-16,-22.389684135628713,6.0,3,3,24.0,1148.0,48.000000000000014,-0.2728316585857029,20.91607895366412,0.2690709741534061,-7.255993262341153,-0.3050529507022075,True,"GLW+x1,MGM+x1,NOV+x1,XRX-x1,BHC-x1,WMB-x1",-0.0008955873654251485
2019-09-20,-304.3527187804461,6.0,3,3,24.0,1520.0,70.00000000000009,-2.915134948278764,35.71930281577181,1.7022657079133507,-4.571028441633734,-0.12620082629118734,True,"CAG+x1,AAL+x1,CVS+x1,MDLZ-x1,KBH-x1,BMY-x1",-0.012174108751217843
2019-10-18,-150.10545754552558,6.0,3,3,24.0,1397.0,197.00000000000003,6.833227194390244,27.078906051575817,11.767345767098597,-10.401443206816102,-1.2645167155235093,True,"OXY+x1,WBA+x1,AAL+x1,RCII-x1,NAV-x1,BHC-x1",-0.0060042183018210234
2019-11-15,-289.44338769091564,6.0,3,3,24.0,1427.0,27.000000000000085,0.9842872415470438,22.943857942085934,-24.89732304084545,13.463875635679013,0.5476837128066556,True,"NOV+x1,BAC+x1,MAS+x1,RCII-x1,FOXA-x1,XRX-x1",-0.011577735507636626
2019-12-20,-326.32266698970284,6.0,3,3,24.0,1475.0,375.0,4.660582939927639,32.05557183635988,-43.60995963933506,-30.165268657382033,-3.184002199026411,True,"AAWW+x1,AAL+x1,CVS+x1,HSBC-x1,BHC-x1,PFE-x1",-0.013052906679588113
2020-01-17,-81.69057641424835,6.0,3,3,24.0,1362.0,111.99999999999997,2.4896611999633187,31.793898507978152,61.12530784236331,-11.700998892090672,-0.9739807632459259,True,"BX+x1,BSX+x1,ETFC+x1,EBAY-x1,THC-x1,AIG-x1",-0.0032676230565699344
2020-02-21,-146.7048046722732,6.0,3,3,24.0,1516.0,-83.99999999999994,-0.6119401852095256,36.769727748018084,-30.453728391044525,0.7193807429983714,1.804809825494968,True,"KO+x1,CSCO+x1,GLW+x1,VZ-x1,MODN-x1,RDFN-x1",-0.0058681921868909285
2020-03-20,-422.8476244197004,6.0,3,3,24.0,1402.0,-147.99999999999997,-3.144715139641164,28.1727050642757,-12.014599492613723,6.484419568725176,2.4648059677942142,True,"TRGP+x1,AAL+x1,PFE+x1,BP-x1,ACM-x1,BSX-x1",-0.016913904976788015
2020-04-17,0.0,,0,0,,,,,,,,,False,,0.0
2020-05-15,0.0,,0,0,,,,,,,,,False,,0.0
2020-06-19,-227.64667542882768,6.0,3,3,24.0,1645.0,245.0,4.710034459653987,28.725854134366266,-20.492980982811595,-11.829762449134634,-1.0192354531471013,True,"WFC+x1,CSCO+x1,VZ+x1,HSBC-x1,MRVL-x1,CAG-x1",-0.009105867017153107
2020-07-17,-179.89752017111402,6.0,3,3,24.0,1712.0,312.0,2.1723436962253215,21.42619122896154,11.467214929158718,-19.79444383186224,-2.589127480510488,True,"CAG+x1,WFC+x1,BSX+x1,KR-x1,HSBC-x1,BHC-x1",-0.007195900806844561
2020-08-21,-48.74320327135416,6.0,3,3,24.0,1584.0,-15.999999999999972,1.1440162186650857,20.61633041546273,21.68033141850193,8.994896547313402,0.4017937813725665,True,"ATUS+x1,BAC+x1,GLW+x1,FLWS-x1,GM-x1,JNPR-x1",-0.0019497281308541664
2020-09-18,-155.39048988760823,6.0,3,3,24.0,1539.0,339.0,2.771418822289458,20.290276990394783,24.05772359215392,-24.250027600075324,-3.225393237835494,True,"USB+x1,DAL+x1,UBER+x1,HSBC-x1,DAR-x1,ON-x1",-0.006215619595504329
2020-10-16,-119.93480620949319,6.0,3,3,24.0,1506.9999999999998,106.99999999999989,4.972813459071064,22.61059124671375,-23.820005999384716,-3.951344250660501,0.055794946324087435,True,"BSX+x1,SCHW+x1,PFE+x1,CC-x1,ELAN-x1,NLOK-x1",-0.0047973922483797275
2020-11-20,-268.3852305038887,6.0,3,3,24.0,1707.0,307.0,1.7622980225250733,28.584983989555152,8.569319330094896,-19.34257096522416,-2.0807644213598033,True,"MGM+x1,GIS+x1,AIG+x1,JNPR-x1,CPB-x1,BAC-x1",-0.010735409220155548
2020-12-18,-250.86668595406346,5.0,3,2,20.0,1221.0,421.0,3.903118208921688,21.64749153712739,-8.178640468626492,-8.514658830130053,-2.2350484911920647,True,"SO+x1,USB+x1,TRGP+x1,EXC-x1,HSBC-x1",-0.010034667438162538
2021-01-15,-213.98714013028018,6.0,3,3,24.0,1632.0,132.0,4.3100947585003695,21.909703117242103,13.617586578314388,-0.43389111772054534,-1.0482510453436458,True,"HFC+x1,WFC+x1,INTC+x1,TRIP-x1,BHC-x1,CALX-x1",-0.008559485605211208
2021-02-19,-438.87991912187806,6.0,3,3,24.0,1707.0,107.0,-2.0076022700032095,21.649057329694568,7.677083917049396,-3.9395123017724742,0.386587560128854,True,"HSBC+x1,HWM+x1,HA+x1,AVT-x1,HPQ-x1,DVN-x1",-0.017555196764875124
2021-03-19,-301.96206741054726,6.0,3,3,24.0,1612.0,212.00000000000003,4.928098933111756,25.109958032004975,-19.89019362632071,-8.72447018524035,-0.9909529614337367,True,"USB+x1,TRGP+x1,CSCO+x1,STLD-x1,BP-x1,NLOK-x1",-0.01207848269642189
2021-04-16,-355.72468310075664,6.0,3,3,24.0,1433.0000000000002,133.00000000000023,4.586413489024614,28.342973162113402,4.723043350809727,-1.9566254959356755,-0.5370621313925756,True,"WFC+x1,BSX+x1,KO+x1,DAN-x1,HPQ-x1,KHC-x1",-0.014228987324030265
2021-05-21,-534.9939335266987,6.0,3,3,24.0,1748.0,248.0,2.612666011846369,28.806050200827038,5.281970117623324,-1.9142923690627658,-1.7585368764964995,True,"HA+x1,OXY+x1,CMCSA+x1,FITB-x1,DVN-x1,WY-x1",-0.021399757341067947
2021-06-18,90.7546471252507,6.0,3,3,24.0,1752.0,252.00000000000003,-0.1818949876655256,23.400951695758323,66.44984664517007,-4.326301730544955,-1.6122852059516513,True,"X+x1,WFC+x1,APA+x1,CTVA-x1,HA-x1,BHC-x1",0.003630185885010028
2021-07-16,-34.27278455509298,6.0,3,3,24.0,1716.0,316.0,7.084745910642785,24.622893422685507,-13.52364829166714,-14.298524396547528,-3.168993519991843,True,"WFC+x1,INTC+x1,OXY+x1,AAL-x1,DBX-x1,HAL-x1",-0.0013709113822037192
2021-08-20,-172.48720135487454,6.0,3,3,24.0,1535.0,335.0,8.888682428662,28.494025455048337,50.4116196221947,-24.97730455965274,-2.1801078157243996,True,"USB+x1,CSCO+x1,PLTR+x1,AAL-x1,SFM-x1,GOLD-x1",-0.0068994880541949815
2021-09-17,-441.2755904921713,6.0,3,3,24.0,1714.0,114.0,-0.2132180180396661,22.653796456745894,22.221632967261492,-3.0331143474247853,-0.15398694995168505,True,"CRSR+x1,X+x1,WFC+x1,ELY-x1,CMC-x1,DAL-x1",-0.017651023619686852
2021-10-15,-165.25623873936814,6.0,3,3,24.0,1711.0,110.99999999999994,4.187635210912061,29.773455114343875,-17.8163464543584,-4.701094592068404,-0.5847749105688536,True,"OXY+x1,INTC+x1,WFC+x1,DVN-x1,DBX-x1,DAL-x1",-0.0066102495495747255
2021-11-19,-170.2512917638122,6.0,3,3,24.0,1707.0,207.00000000000003,-2.3867293836845196,19.855765325706287,19.018726971377355,-9.31284850888936,-1.0380953514637292,True,"HA+x1,PLTR+x1,GRWG+x1,AEO-x1,DBX-x1,ELY-x1",-0.006810051670552488
2021-12-17,-25.145837459274986,6.0,3,3,24.0,1747.0,246.99999999999997,5.527305557795339,27.361426980579466,16.96179034430839,-13.09978999964388,-1.790983801545618,True,"XOM+x1,WFC+x1,X+x1,SKT-x1,DAL-x1,PAAS-x1",-0.0010058334983709994
2022-01-21,-225.52789823324377,6.0,3,3,24.0,1822.0,322.0,0.7703477712179181,19.462734797705163,23.908360624188713,-15.189222107304092,-1.6504402302142922,True,"SPWR+x1,OXY+x1,TRIP+x1,DBX-x1,SAVE-x1,F-x1",-0.009021115929329752
2022-02-18,0.0,,0,0,,,,,,,,,False,,0.0
2022-03-18,-96.7762783816242,6.0,3,3,24.0,1619.0,119.0,-0.1977788513048946,25.530543409102172,-38.87035403992783,0.43480687657234895,-1.0520398140229466,True,"WBA+x1,BP+x1,DKNG+x1,MDLZ-x1,MRO-x1,CRSR-x1",-0.003871051135264968
2022-04-14,-663.873938094693,6.0,3,3,24.0,1674.0,374.0,0.4438830550409065,20.19727267984608,51.483320703629424,-16.751534600355757,-3.030507821521677,True,"SPWR+x1,PINS+x1,BWA+x1,DBX-x1,BHC-x1,HPQ-x1",-0.026554957523787722
2022-05-20,-1038.8910001444324,6.0,3,3,24.0,1552.0,151.99999999999997,-2.8303109044731283,30.77744152378191,-8.376256435215813,-11.585845003722051,-0.16126205208012268,True,"SAVE+x1,TRN+x1,VZ+x1,KEY-x1,GLW-x1,KO-x1",-0.04155564000577729
2022-06-17,0.0,,0,0,,,,,,,,,False,,0.0
2022-07-15,-225.4506912690294,6.0,3,3,24.0,1655.0,255.0,2.0673846958871085,23.140097814502266,-54.75372213998423,-11.458518745296026,-2.3748934793911505,True,"BAC+x1,WBA+x1,BP+x1,FOXA-x1,KHC-x1,GOLD-x1",-0.009018027650761175
2022-08-19,0.0,,0,0,,,,,,,,,False,,0.0
2022-09-16,-91.88475519975285,6.0,3,3,24.0,1509.0,9.000000000000028,-2.0775987911934353,23.698872638856468,29.35516843052612,4.606989889700527,-0.6770348216198983,True,"DAL+x1,PINS+x1,BP+x1,C-x1,CMCSA-x1,MRO-x1",-0.003675390207990114
2022-10-21,-195.14482318862406,6.0,3,3,24.0,1748.0,148.0,-1.2326307113687731,25.612914295922373,-3.7965087472091135,-6.849622509249308,-0.6351109868466838,True,"BAC+x1,LUV+x1,HAL+x1,ALLY-x1,ARMK-x1,BP-x1",-0.0078057929275449625
2022-11-18,-347.2384871853059,6.0,3,3,24.0,1672.0,272.0,4.4952540658051445,29.135208602133787,30.97434209159927,-10.609250162181288,-2.7248227771079367,True,"CSCO+x1,KO+x1,DAL+x1,HPQ-x1,KHC-x1,BAC-x1",-0.013889539487412237
2022-12-16,-13.452837558539535,6.0,3,3,24.0,1802.0,-47.99999999999994,-1.8946322804082483,27.6553363563065,-15.040038181282918,5.483185837367227,0.8173274786083127,True,"BKR+x1,SKX+x1,DAL+x1,MRO-x1,TJX-x1,ALLY-x1",-0.0005381135023415814
2023-01-20,-314.58232400066663,6.0,3,3,24.0,1546.0,46.0,-4.546006819650703,32.3573143578871,-3.409261137581227,0.7031161304691178,0.10323616440372252,True,"INTC+x1,KR+x1,UBER+x1,HPQ-x1,KO-x1,SKX-x1",-0.012583292960026665
2023-02-17,-451.0675498543741,6.0,3,3,24.0,1294.0,294.0,5.172666082830277,26.39137066598314,2.800318539439367,-15.132583195770707,-3.749126512709302,True,"M+x1,CSCO+x1,DAL+x1,NLY-x1,HPQ-x1,BAC-x1",-0.018042701994174962
2023-03-17,-65.99798490598127,6.0,3,3,24.0,1557.0,357.0,0.5213236202163021,24.204683454950782,67.14801174855162,-39.75628654845323,-3.5671977309180605,True,"UBER+x1,BTU+x1,PFE+x1,NLY-x1,MRO-x1,BSX-x1",-0.0026399193962392507
2023-04-21,-574.975589548344,6.0,3,3,24.0,1658.0,158.00000000000003,0.629153493069325,23.583120690099225,-25.700223356286084,-3.3678559280280016,-0.5397448488222114,True,"PINS+x1,INTC+x1,SU+x1,WMG-x1,PSTG-x1,BKR-x1",-0.022999023581933762
2023-05-19,-108.36740378580875,6.0,3,3,24.0,1614.0,213.99999999999997,-4.879061946823653,28.856499365384455,16.682310781848084,-15.732499068424184,-0.9422165558103224,True,"CHWY+x1,VZ+x1,SPR+x1,PSTG-x1,BMY-x1,LUV-x1",-0.00433469615143235
2023-06-16,-281.475662600756,6.0,3,3,24.0,1437.0,136.99999999999994,1.7859480791049749,21.268273868784412,-0.2980995857626061,-1.5954619895713762,-1.1722407819282377,True,"WFC+x1,U+x1,PINS+x1,SYF-x1,TOST-x1,MTCH-x1",-0.01125902650403024
2023-07-21,-223.197262476758,6.0,3,3,24.0,1412.0,62.00000000000006,0.9496118794878576,30.03946842520129,32.22930641651085,-13.655362349536585,0.13965541038198515,True,"GM+x1,HAL+x1,KR+x1,ANF-x1,RRC-x1,KHC-x1",-0.00892789049907032
2023-08-18,470.8656163932981,6.0,3,3,24.0,1480.0,80.00000000000003,-0.8886649545532048,25.106054576670534,17.373211452600415,-0.5473684045475267,-0.257323573192517,True,"SPR+x1,FCX+x1,HPQ+x1,HRB-x1,CCJ-x1,PSTG-x1",0.018834624655731925
2023-09-15,-378.9002524759145,6.0,3,3,24.0,1590.0,-109.99999999999994,-0.3287007654591978,23.838641018817768,-15.338415335110046,10.422270451982254,1.0878048711388166,True,"INTC+x1,AR+x1,CCJ+x1,WDC-x1,PBF-x1,PENN-x1",-0.01515601009903658
2023-10-20,-229.27443481046106,5.0,3,2,20.0,1197.0,297.0,0.055558682324069686,24.684582478716415,35.28828455847968,10.89280180469689,-2.571855262122524,True,"WBA+x1,GM+x1,RBLX+x1,FTAI-x1,EBAY-x1",-0.009170977392418442
2023-11-17,-175.66325711696905,6.0,3,3,24.0,1611.0,411.0,0.7867909449675778,21.255516692433005,-2.202931663155592,-15.643563939174555,-3.924533957912489,True,"SPR+x1,AI+x1,HAL+x1,MAT-x1,URBN-x1,WMB-x1",-0.007026530284678762
2023-12-15,-219.30710974868003,6.0,3,3,24.0,1370.0,270.0,2.5544680241626696,24.36994894018638,-23.839836179414448,-13.003600579983253,-1.9830560059915965,True,"SCHW+x1,PENN+x1,AR+x1,SYF-x1,PDCO-x1,BTU-x1",-0.008772284389947201
2024-01-19,-223.05493230667227,6.0,3,3,24.0,1710.0,310.0,5.609645047741332,25.37999160998244,-7.046183165995663,-5.97145287802871,-2.645662948725371,True,"RIVN+x1,INTC+x1,DVN+x1,TDOC-x1,S-x1,BKR-x1",-0.008922197292266891
2024-02-16,-69.66119776612778,6.0,3,3,24.0,1407.0,257.0,0.699717255585083,20.683335449525387,63.09417761430644,-13.01587468636892,-2.782848288343388,True,"PENN+x1,AI+x1,BAC+x1,GLW-x1,PATH-x1,GES-x1",-0.0027864479106451115
2024-03-15,52.20450417941301,6.0,3,3,24.0,1513.0,13.000000000000028,-1.4424657727310688,32.4727949505807,-4.7951460617672685,8.133949763366694,0.36199603148003723,True,"WFC+x1,INTC+x1,PFE+x1,SYF-x1,STM-x1,BMY-x1",0.0020881801671765203
2024-04-19,-206.25766507767045,6.0,3,3,24.0,1792.0,192.00000000000006,2.6136615797108025,25.024723067702215,23.146624038612543,-5.870627079889559,-1.2658766281093934,True,"MBLY+x1,U+x1,MGM+x1,S-x1,PATH-x1,BROS-x1",-0.008250306603106819
2024-05-17,-271.35467694259484,6.0,3,3,24.0,1453.0,103.0,5.204808881641881,21.221623027522178,33.83471313436203,-2.673170951667016,-0.5964859277695229,True,"AI+x1,BAC+x1,CSCO+x1,CPNG-x1,AEO-x1,CARG-x1",-0.010854187077703793
2024-06-21,-427.02515796238583,6.0,3,3,24.0,1680.0,80.0,5.716735911811402,32.02768754225127,-53.74707881763611,-4.248394259185657,0.04288966170735953,True,"INTC+x1,RTX+x1,U+x1,CSCO-x1,AEO-x1,TOST-x1",-0.017081006318495434
2024-07-19,-148.4655463751721,6.0,3,3,24.0,1413.0,13.000000000000028,-5.280655162903447,35.94099822564493,-27.461484963660205,9.810482784198594,0.8266850335279741,True,"OXY+x1,PFE+x1,CZR+x1,EQT-x1,BSX-x1,EBAY-x1",-0.005938621855006884
2024-08-16,-478.63511874977246,6.0,3,3,24.0,1524.0,-75.99999999999991,0.9446377980649574,26.61917986435708,29.35443294415507,7.397498132726479,0.722997716260267,True,"BWA+x1,LUV+x1,BAC+x1,MOS-x1,GPS-x1,GM-x1",-0.019145404749990897
2024-09-20,-257.09452534420177,6.0,3,3,24.0,1315.0,214.99999999999997,-1.8050620413750194,26.27981010885299,-28.142164637503562,-34.854492795116656,1.7388981091362499,True,"BROS+x1,EQT+x1,PFE+x1,KD-x1,KMI-x1,BMY-x1",-0.01028378101376807
2024-10-18,-439.13675870177605,6.0,3,3,24.0,1632.0,332.0,1.9764350129715749,25.838572476593455,4.316914662158324,-22.09782175014918,-2.7541555787145944,True,"VSCO+x1,DKNG+x1,OXY+x1,HSBC-x1,HOOD-x1,HAL-x1",-0.01756547034807104
2024-11-15,-81.97229488144504,6.0,3,3,24.0,1562.0,162.0,2.134711555594807,34.761757393504475,-59.52471680271499,-6.314261326967985,-0.6284586507628567,True,"WMT+x1,CHWY+x1,BAC+x1,KO-x1,AEO-x1,CMCSA-x1",-0.0032788917952578014
2024-12-20,-204.33158039043013,5.0,3,2,20.0,1337.0,537.0,-0.5323541813400903,26.12418591364916,7.353521643642603,-4.35758497621233,-1.7611565290045426,True,"USB+x1,FLNC+x1,AR+x1,CSCO-x1,BP-x1",-0.008173263215617205
2025-01-17,-250.4667143799663,6.0,3,3,24.0,1440.0,189.99999999999997,6.087635473395926,26.66311282119929,-30.568096800093503,-6.714010444317578,-1.2434600933628643,True,"BAC+x1,OXY+x1,OHI+x1,CXW-x1,BKR-x1,CPNG-x1",-0.010018668575198652
2025-02-21,-278.96001684577203,6.0,3,3,24.0,1665.0,165.00000000000003,2.6661459014839926,31.33318157524736,4.901874823005889,-1.8010709346273082,-0.8981455131672669,True,"BAC+x1,PLAY+x1,FCX+x1,FITB-x1,CZR-x1,PAAS-x1",-0.01115840067383088
2025-03-21,-267.29760309169205,5.0,3,2,20.0,1463.0,263.0,7.4372733938245545,18.96310390556278,-5.461834899608642,15.75249081910777,-1.5531613244185292,True,"CMG+x1,BP+x1,PLAY+x1,UNFI-x1,CRK-x1",-0.010691904123667682
2025-04-17,-526.6953520721177,6.0,3,3,24.0,1526.0,126.0,2.883793857174223,26.114767451180594,3.212427117314875,-6.009361653571398,-0.024691710769296105,True,"LVS+x1,OXY+x1,LUV+x1,XPEL-x1,KMI-x1,ALLY-x1",-0.021067814082884707
2025-05-16,0.0,,0,0,,,,,,,,,False,,0.0
2025-06-20,-46.18420325279652,6.0,3,3,24.0,1391.0,91.0,1.8587216958998014,23.582131784342565,-29.67709367717484,-0.1193659055823737,-0.6606316098432938,True,"INTC+x1,PINS+x1,BP+x1,ACMR-x1,CPNG-x1,KMI-x1",-0.0018473681301118608
2025-07-18,-132.1503130593489,6.0,3,3,24.0,1728.0,28.0,2.8599635341742076,25.898858334619412,17.26825922621301,7.859969695498982,0.456886661418495,True,"OXY+x1,INTC+x1,GM+x1,CRK-x1,CFLT-x1,CART-x1",-0.005286012522373955
2025-08-15,64.81514081451311,6.0,3,3,24.0,1599.0,199.00000000000006,0.41021327078896563,17.59542019687796,23.02986507091284,-8.166921201916221,1.708980229927285,True,"INTC+x1,AR+x1,BZH+x1,QXO-x1,HAL-x1,PAAS-x1",0.0025926056325805244
2025-09-19,137.5808377159931,6.0,3,3,24.0,1469.0,269.0,-0.24413534453232755,23.807041435025127,-9.471076753481334,-8.146675776888737,-1.8487876218069903,True,"GAP+x1,INTC+x1,PINS+x1,MGM-x1,STM-x1,CPNG-x1",0.005503233508639725
2025-10-17,-134.78600525236766,6.0,3,3,24.0,1684.0,84.0,3.7595536364612485,30.37166967824026,-15.659855217093252,2.065587151465179,-0.7539474817799126,True,"LUV+x1,OXY+x1,BAC+x1,CENX-x1,SU-x1,ALLY-x1",-0.005391440210094706
2025-11-21,-571.9666133107412,6.0,3,3,24.0,1694.0,294.0,2.9126342544559174,26.059255165401403,-36.006195732430086,-4.762501979800664,-2.170212847936127,True,"DOW+x1,AR+x1,BAC+x1,HPQ-x1,HAL-x1,USB-x1",-0.02287866453242965
2025-12-19,0.0,,0,0,,,,,,,,,False,,0.0
2026-01-16,0.0,,0,0,,,,,,,,,False,,0.0
2026-02-20,0.0,,0,0,,,,,,,,,False,,0.0
2026-03-20,0.0,,0,0,,,,,,,,,False,,0.0
2026-04-17,0.0,,0,0,,,,,,,,,False,,0.0
2026-05-15,0.0,,0,0,,,,,,,,,False,,0.0
2026-06-18,0.0,,0,0,,,,,,,,,False,,0.0
2026-07-17,0.0,,0,0,,,,,,,,,False,,0.0
2026-08-21,0.0,,0,0,,,,,,,,,False,,0.0
2026-09-18,-111.95861005416151,6.0,3,3,24.0,1511.0,110.99999999999997,0.8341829384876212,32.98450261414673,13.899772673030565,0.13286339608228737,-0.26260325189102485,True,"NVO+x1,VZ+x1,AR+x1,USB-x1,CPB-x1,BP-x1",-0.00447834440216646
