family,hedge,cost,DISC_n,DISC_mean,DISC_median,DISC_t,DISC_sharpe,DISC_hit,DISC_worst,VAL_n,VAL_mean,VAL_median,VAL_t,VAL_sharpe,VAL_hit,VAL_worst,DISC_opt,DISC_cost,DISC_hedge,DISC_hcost,DISC_fin,DISC_n_pos,VAL_opt,VAL_cost,VAL_hedge,VAL_hcost,VAL_fin,VAL_n_pos
D1_LS_S_ew,H0,GROSS,83,0.0505099856814176,-0.13885475555462773,0.5946480315510311,0.22515194260529378,0.40963855421686746,-1.2608334420784968,36,-0.19632700515875698,-0.1843809526499646,-1.3069513903379282,-0.8343925897750881,0.3888888888888889,-1.5489167241657806,0.051168743526326,0.0,0.0,0.0,0.0006587578449084113,1.0,-0.19456239505760234,0.0,0.0,0.0,0.0017646101011545622,1.0
D1_L_top1_S_ew,H0,GROSS,83,0.052500930283293175,-0.2477410424949801,0.34186097913993146,0.1406831717644748,0.3855421686746988,-0.969654811038761,36,-0.05983098417291258,-0.28694478474112556,-0.4889086529986382,-0.28818515175666315,0.3333333333333333,-0.9411956484865299,0.05315968812820155,0.0,0.0,0.0,0.0006587578449084113,1.0,-0.05806637407175799,0.0,0.0,0.0,0.0017646101011545622,1.0
D1_2v2_S_ew,H0,GROSS,83,0.0009716137113198896,-0.029459238464121018,0.016221486105189704,0.005851494032497094,0.4939759036144578,-1.9574976636663828,36,-0.061691528513108725,-0.06543602045241553,-0.6005696338229677,-0.34675793506082153,0.4444444444444444,-1.3301646484884049,0.001630371556228263,0.0,0.0,0.0,0.0006587578449084113,2.0,-0.05992691841195416,0.0,0.0,0.0,0.0017646101011545622,2.0
D2_slope_S_ew,H0,GROSS,83,0.025153396893194402,0.10552911120922362,0.32473855504015786,0.11783582638692973,0.5421686746987951,-3.7188501217125607,36,-0.13453206566865894,-0.1706361072524182,-0.9385310213537628,-0.6174441095008368,0.3888888888888889,-1.4091962731603596,,,,,,9.734939759036145,,,,,,10.944444444444445
D1_LS_S_adv,H0,GROSS,83,-0.04021376692251153,-0.1548384635821728,-0.47543702237071866,-0.17072869772017005,0.4578313253012048,-2.1666866298149197,36,-0.29234029051140126,-0.14036593677254672,-3.3677270049175125,-1.3810877608578558,0.3888888888888889,-1.744458834765139,-0.03955500907760312,0.0,0.0,0.0,0.0006587578449084113,1.0,-0.29057568041024673,0.0,0.0,0.0,0.0017646101011545622,1.0
D1_L_top1_S_adv,H0,GROSS,83,0.0792927744914394,-0.3071728771226518,0.4850237243705334,0.18359996335714898,0.3855421686746988,-0.969654811038761,36,-0.18119824200021134,-0.4814157536163087,-1.6540411068078862,-0.8371664184074248,0.2777777777777778,-0.9411956484865299,0.07995153233634782,0.0,0.0,0.0,0.0006587578449084113,1.0,-0.17943363189905676,0.0,0.0,0.0,0.0017646101011545622,1.0
D1_2v2_S_adv,H0,GROSS,83,0.055667800258141255,-0.049602213743206114,1.0343104277139392,0.363033598058141,0.4939759036144578,-0.9870355716573103,36,-0.19079756820973665,-0.29889805864610886,-2.6869128474655657,-1.1291032987717562,0.4444444444444444,-1.3301646484884049,0.05632655810304965,0.0,0.0,0.0,0.0006587578449084113,2.0,-0.1890329581085821,0.0,0.0,0.0,0.0017646101011545622,2.0
D2_slope_S_adv,H0,GROSS,83,0.06477032316764957,0.03327326926075236,1.2139445320587745,0.3757224518044468,0.5421686746987951,-1.145552473335379,36,-0.21707460027037204,-0.2508113556268171,-1.9543900863134434,-0.9853686388610203,0.3611111111111111,-2.3898506169673697,,,,,,9.734939759036145,,,,,,10.944444444444445
D3_SPY_timing_long,H0,GROSS,83,-0.06348403985508849,0.0,-1.9697348158484358,-0.7070896026782233,0.12048192771084337,-0.9730714295575009,36,-0.032502753825962884,0.0,-0.8434110709423308,-0.4816619501163881,0.027777777777777776,-0.9257031726906206,-0.06323052078922178,0.0,0.0,0.0,0.0002535190658667151,0.3373493975903614,-0.032277309157165555,0.0,0.0,0.0,0.0002254446687973352,0.1111111111111111
D3_SPY_always_long,H0,GROSS,83,0.02902965113276878,-0.14393370851728876,0.23889580608641142,0.08901564015824502,0.40963855421686746,-0.9730714295575009,36,-0.09339729442045228,-0.19373724233490613,-0.9142367267517117,-0.510564842490938,0.3611111111111111,-0.9724297472682647,0.02968840897767719,0.0,0.0,0.0,0.0006587578449084113,1.0,-0.09163268431929776,0.0,0.0,0.0,0.0017646101011545626,1.0
D1_LS_S_ew,H0,MID,83,0.017325067354738478,-0.1701493036393109,0.2024873933297093,0.07716728935985816,0.3855421686746988,-1.320440804806318,36,-0.21829025754685016,-0.2054911183450171,-1.4491205958456406,-0.9287377163717242,0.3888888888888889,-1.5718218838097036,0.051168743526326,0.03318491832667912,0.0,0.0,0.0006587578449084113,1.0,-0.19456239505760234,0.021963252388093234,0.0,0.0,0.0017646101011545622,1.0
D1_L_top1_S_ew,H0,MID,83,0.03737876793138288,-0.25721280934379614,0.24270951828605833,0.1000817464916224,0.3855421686746988,-0.9823625670127424,36,-0.0724230354444907,-0.2948742346667911,-0.5897301015174223,-0.3494308105440019,0.3333333333333333,-0.9620780014277065,0.05315968812820155,0.015122162351910287,0.0,0.0,0.0006587578449084113,1.0,-0.05806637407175799,0.01259205127157816,0.0,0.0,0.0017646101011545622,1.0
D1_2v2_S_ew,H0,MID,83,-0.033537249252805046,-0.07258148378270757,-0.5580694789570945,-0.20205480837834683,0.4819277108433735,-1.9999493592838014,36,-0.08037551557725996,-0.07848267621542476,-0.7852800525549094,-0.45245021299036964,0.4166666666666667,-1.346073715818842,0.001630371556228263,0.03450886296412493,0.0,0.0,0.0006587578449084113,2.0,-0.05992691841195416,0.018683987064151295,0.0,0.0,0.0017646101011545622,2.0
D2_slope_S_ew,H0,MID,83,0.03320340561416177,0.12393686719374293,0.4285867962079675,0.1557714357774576,0.5662650602409639,-3.698335746524224,36,-0.12962697861073766,-0.16481273417236292,-0.9047658047141637,-0.5960880287986671,0.3888888888888889,-1.3950239146146148,,,,,,9.734939759036145,,,,,,10.944444444444445
D1_LS_S_adv,H0,MID,83,-0.07531775613142326,-0.18499405901014265,-0.8850746546549982,-0.31950836607136346,0.42168674698795183,-2.206040407420318,36,-0.3125729221516883,-0.16396946179683666,-3.583723605986545,-1.4709599448878892,0.3888888888888889,-1.7700145993855876,-0.03955500907760312,0.035103989208911716,0.0,0.0,0.0006587578449084113,1.0,-0.29057568041024673,0.02023263164028706,0.0,0.0,0.0017646101011545622,1.0
D1_L_top1_S_adv,H0,MID,83,0.0626689406868452,-0.3327284326782074,0.3842061611409069,0.14563717875457607,0.37349397590361444,-0.9823625670127424,36,-0.1913458947657916,-0.4872555838404732,-1.7348083663188842,-0.8819135858531308,0.2777777777777778,-0.9620780014277065,0.07995153233634782,0.01662383380459417,0.0,0.0,0.0006587578449084113,1.0,-0.17943363189905676,0.01014765276558022,0.0,0.0,0.0017646101011545622,1.0
D1_2v2_S_adv,H0,MID,83,0.02254350839263906,-0.07698592418776595,0.4166111452105601,0.14763549466088938,0.4819277108433735,-1.0221982118048756,36,-0.20945556250857,-0.3181409943442346,-2.9787532363646005,-1.2424384293941138,0.4444444444444444,-1.346073715818842,0.05632655810304965,0.03312429186550215,0.0,0.0,0.0006587578449084113,2.0,-0.1890329581085821,0.01865799429883331,0.0,0.0,0.0017646101011545622,2.0
D2_slope_S_adv,H0,MID,83,0.07844596585696141,0.03590064788446297,1.448993789407635,0.4536675254911834,0.5421686746987951,-1.1034112376861134,36,-0.20985762460368718,-0.2460033769656737,-1.8959697932107316,-0.9547513175355227,0.3611111111111111,-2.3701598989776156,,,,,,9.734939759036145,,,,,,10.944444444444445
D3_SPY_timing_long,H0,MID,83,-0.06457189009974347,0.0,-2.0009911229331667,-0.7179718912336231,0.12048192771084337,-0.9743987583083898,36,-0.032691946829514026,0.0,-0.8473095256872675,-0.4838392875775807,0.027777777777777776,-0.9275611687092006,-0.06323052078922178,0.001087850244654974,0.0,0.0,0.0002535190658667151,0.3373493975903614,-0.032277309157165555,0.00018919300355114494,0.0,0.0,0.0002254446687973352,0.1111111111111111
D3_SPY_always_long,H0,MID,83,0.02512449956780727,-0.14877542173889013,0.20664596878936844,0.07703230191893176,0.40963855421686746,-0.9743987583083898,36,-0.09502286263405466,-0.19516392397072074,-0.9300458816070899,-0.5194503690809508,0.3611111111111111,-0.9744646309891949,0.02968840897767719,0.003905151564961484,0.0,0.0,0.0006587578449084113,1.0,-0.09163268431929776,0.0016255682136024079,0.0,0.0,0.0017646101011545626,1.0
D1_LS_S_ew,H0,C25,83,-0.03398819188249754,-0.20893018828780646,-0.3885273838556794,-0.14984881229957844,0.37349397590361444,-1.45003365138744,36,-0.25598049384241595,-0.25100055276222666,-1.6625256782414957,-1.083409644855236,0.3611111111111111,-1.6295931795388379,0.051168743526326,0.08449817756391514,0.0,0.0,0.0006587578449084113,1.0,-0.19456239505760234,0.05965348868365905,0.0,0.0,0.0017646101011545622,1.0
D1_L_top1_S_ew,H0,C25,83,0.02038042879752742,-0.2617665434057269,0.13221718678556002,0.054616402631074916,0.3855421686746988,-0.9905021018964635,36,-0.0928833124258473,-0.31029016925254604,-0.7537256047389684,-0.4510384405987158,0.3333333333333333,-0.980460354368883,0.05315968812820155,0.03212050148576573,0.0,0.0,0.0006587578449084113,1.0,-0.05806637407175799,0.03305232825293476,0.0,0.0,0.0017646101011545622,1.0
D1_2v2_S_ew,H0,C25,83,-0.07536362110941937,-0.10755110760887267,-1.2363570523658485,-0.4508198187121532,0.4457831325301205,-2.0839650890921417,36,-0.11594097853530395,-0.13618152702064035,-1.1203209074156149,-0.6558097093539272,0.4166666666666667,-1.3818787475840837,0.001630371556228263,0.07633523482073921,0.0,0.0,0.0006587578449084113,2.0,-0.05992691841195416,0.05424945002219523,0.0,0.0,0.0017646101011545622,2.0
D2_slope_S_ew,H0,C25,83,0.04013003771684217,0.12512322847057916,0.5204116668611074,0.19009656389615898,0.5662650602409639,-3.6255448165257236,36,-0.12835265968111687,-0.17766504087010915,-0.8954628649554306,-0.5913293646741282,0.3888888888888889,-1.3881101993252274,,,,,,9.734939759036145,,,,,,10.944444444444445
D1_LS_S_adv,H0,C25,83,-0.12959938740582502,-0.2097356936528102,-1.5014328459898925,-0.5467200647347822,0.42168674698795183,-2.2273256526828806,36,-0.35238160094145743,-0.2076231657958376,-3.984610538991573,-1.6569774218535704,0.3611111111111111,-1.7958737508455966,-0.03955500907760312,0.08938562048331349,0.0,0.0,0.0006587578449084113,1.0,-0.29057568041024673,0.060041310430056144,0.0,0.0,0.0017646101011545622,1.0
D1_L_top1_S_adv,H0,C25,83,0.043058533393621264,-0.3603657451157625,0.27012334950576433,0.10241492581070127,0.37349397590361444,-0.9905021018964635,36,-0.20981261623380373,-0.4951276298171752,-1.9115844830687938,-0.9679170335428184,0.2777777777777778,-0.980460354368883,0.07995153233634782,0.03623424109781813,0.0,0.0,0.0006587578449084113,1.0,-0.17943363189905676,0.028614374233592397,0.0,0.0,0.0017646101011545622,1.0
D1_2v2_S_adv,H0,C25,83,-0.02456038120358719,-0.11370946744890509,-0.4549215894369966,-0.16268989151645996,0.4578313253012048,-1.0434579333344354,36,-0.24442781873491176,-0.34923491640556603,-3.444984603907004,-1.455295170952334,0.4444444444444444,-1.3818787475840837,0.05632655810304965,0.0802281814617284,0.0,0.0,0.0006587578449084113,2.0,-0.1890329581085821,0.05363025052517508,0.0,0.0,0.0017646101011545622,2.0
D2_slope_S_adv,H0,C25,83,0.08985694537825892,0.0635418850123633,1.6446255188107666,0.5215106229932125,0.5542168674698795,-1.0236101777320494,36,-0.20469359206666077,-0.25216646261543346,-1.8434415256543024,-0.9338835339274598,0.3611111111111111,-2.3562197283852693,,,,,,9.734939759036145,,,,,,10.944444444444445
D3_SPY_timing_long,H0,C25,83,-0.06624542334097844,0.0,-2.0504590289615896,-0.7355586958763508,0.12048192771084337,-0.9750505715342728,36,-0.033278304290430154,0.0,-0.862211393371195,-0.492264249691489,0.027777777777777776,-0.9300495562340846,-0.06323052078922178,0.002761383485889943,0.0,0.0,0.0002535190658667151,0.3373493975903614,-0.032277309157165555,0.0007755504644672624,0.0,0.0,0.0002254446687973352,0.1111111111111111
D3_SPY_always_long,H0,C25,83,0.01992523427725703,-0.152732591198853,0.1639753553823246,0.06117709155624379,0.39759036144578314,-0.9750505715342728,36,-0.10119738821934415,-0.20143988143899993,-0.9992800414846252,-0.5555986660394725,0.3611111111111111,-0.9755547472682645,0.02968840897767719,0.009104416855511745,0.0,0.0,0.0006587578449084113,1.0,-0.09163268431929776,0.0078000937988918695,0.0,0.0,0.0017646101011545626,1.0
D1_LS_S_ew,H0,C50,83,-0.08530145111973361,-0.23364846687011226,-0.9477512085550419,-0.37008119716491295,0.3614457831325301,-1.5796264979685615,36,-0.29367073013798173,-0.3194643333841004,-1.865229296359277,-1.2349132377570502,0.3611111111111111,-1.687364475267972,0.051168743526326,0.13581143680115118,0.0,0.0,0.0006587578449084113,1.0,-0.19456239505760234,0.09734372497922483,0.0,0.0,0.0017646101011545622,1.0
D1_L_top1_S_ew,H0,C50,83,0.0033820896636720006,-0.28194931813597196,0.02191596702216561,0.009068006918923944,0.37349397590361444,-0.9986416367801842,36,-0.11334358940720396,-0.33391430564364,-0.9154048884085846,-0.5534793532227021,0.3333333333333333,-0.9988427073100594,0.05315968812820155,0.04911884061962115,0.0,0.0,0.0006587578449084113,1.0,-0.05806637407175799,0.0535126052342914,0.0,0.0,0.0017646101011545622,1.0
D1_2v2_S_ew,H0,C50,83,-0.11718999296603363,-0.14115805263301706,-1.891361930498643,-0.6944422016193735,0.43373493975903615,-2.1679808189004808,36,-0.15150644149334794,-0.19643524301258625,-1.4468788968550044,-0.8603537964939963,0.3611111111111111,-1.4176837793493249,0.001630371556228263,0.1181616066773535,0.0,0.0,0.0006587578449084113,2.0,-0.05992691841195416,0.08981491298023919,0.0,0.0,0.0017646101011545622,2.0
D2_slope_S_ew,H0,C50,83,0.04705666981952253,0.10958369124312363,0.6123811644828134,0.22463436912650403,0.5662650602409639,-3.55275388652722,36,-0.1270783407514963,-0.18900130538120855,-0.8860051518329796,-0.5863862181002604,0.3888888888888889,-1.3811964840358402,,,,,,9.734939759036145,,,,,,10.944444444444445
D1_LS_S_adv,H0,C50,83,-0.18388101868022688,-0.23820997732670776,-2.087617897371145,-0.7657827546451096,0.3855421686746988,-2.2486108979454427,36,-0.3921902797312265,-0.2512768697948389,-4.369770609176741,-1.841596695657145,0.3333333333333333,-1.8217329023056061,-0.03955500907760312,0.14366725175771533,0.0,0.0,0.0006587578449084113,1.0,-0.29057568041024673,0.09984998921982521,0.0,0.0,0.0017646101011545622,1.0
D1_L_top1_S_adv,H0,C50,83,0.023448126100397322,-0.37483680299999406,0.1505556913142818,0.05709756751450842,0.37349397590361444,-0.9986416367801842,36,-0.22827933770181585,-0.5072105216745106,-2.0897221642974766,-1.0538730282175843,0.2777777777777778,-0.9988427073100594,0.07995153233634782,0.055844648391042084,0.0,0.0,0.0006587578449084113,1.0,-0.17943363189905676,0.04708109570160459,0.0,0.0,0.0017646101011545622,1.0
D1_2v2_S_adv,H0,C50,83,-0.07166427079981343,-0.1504330107100444,-1.322484625587699,-0.47776568168356554,0.40963855421686746,-1.0647176548639947,36,-0.27940007496125346,-0.3803288384668976,-3.9007244164231056,-1.6691624812906902,0.4444444444444444,-1.4176837793493249,0.05632655810304965,0.12733207105795466,0.0,0.0,0.0006587578449084113,2.0,-0.1890329581085821,0.08860250675151682,0.0,0.0,0.0017646101011545622,2.0
D2_slope_S_adv,H0,C50,83,0.10126792489955636,0.07819196257790675,1.826060381625633,0.588047812414628,0.5542168674698795,-1.019952452716387,36,-0.1995295595296344,-0.25497387841847735,-1.7907978997212433,-0.912724475941115,0.3888888888888889,-2.342279557792924,,,,,,9.734939759036145,,,,,,10.944444444444445
D3_SPY_timing_long,H0,C50,83,-0.06791895658221338,0.0,-2.099139928592249,-0.752894234661287,0.12048192771084337,-0.9757023847601557,36,-0.033864661751346274,0.0,-0.8770501717135627,-0.5006422191801648,0.027777777777777776,-0.9325379437589685,-0.06323052078922178,0.004434916727124875,0.0,0.0,0.0002535190658667151,0.3373493975903614,-0.032277309157165555,0.0013619079253833848,0.0,0.0,0.0002254446687973352,0.1111111111111111
D3_SPY_always_long,H0,C50,83,0.014725968986706825,-0.1566897606588157,0.12125269784975784,0.04527601061200701,0.39759036144578314,-0.9757023847601557,36,-0.10737191380463362,-0.20244919618747567,-1.0697047682789125,-0.592010664109001,0.3611111111111111,-0.9766448635473344,0.02968840897767719,0.01430368214606195,0.0,0.0,0.0006587578449084113,1.0,-0.09163268431929776,0.013974619384181331,0.0,0.0,0.0017646101011545626,1.0
D1_LS_S_ew,H0,C100,83,-0.18792796959420566,-0.2927484268046264,-1.9440037004825328,-0.7775385776762026,0.30120481927710846,-1.8388121911308049,36,-0.3690512027291134,-0.38051580005573643,-2.2397188275877946,-1.5265727394109494,0.3333333333333333,-1.8029070667262401,0.051168743526326,0.2384379552756233,0.0,0.0,0.0006587578449084113,1.0,-0.19456239505760234,0.17272419757035637,0.0,0.0,0.0017646101011545622,1.0
D1_L_top1_S_ew,H0,C100,83,-0.030614588604038873,-0.34107861997289385,-0.19777596913034465,-0.08207269213226055,0.3614457831325301,-1.218929466176315,36,-0.1542641433699172,-0.3858700920079261,-1.2295740117671763,-0.7597824893828458,0.2777777777777778,-1.0356074131924125,0.05315968812820155,0.08311551888733204,0.0,0.0,0.0006587578449084113,1.0,-0.05806637407175799,0.09443315919700464,0.0,0.0,0.0017646101011545622,1.0
D1_2v2_S_ew,H0,C100,83,-0.20084273667926225,-0.22432902151420536,-3.1200412046255814,-1.1605359573857488,0.3855421686746988,-2.33601227851716,36,-0.2226373674094357,-0.3089102692864326,-2.0728029707314843,-1.2707279729023355,0.3333333333333333,-1.4892938428798073,0.001630371556228263,0.20181435039058213,0.0,0.0,0.0006587578449084113,2.0,-0.05992691841195416,0.16094583889632708,0.0,0.0,0.0017646101011545622,2.0
D2_slope_S_ew,H0,C100,83,0.06090993402488319,0.07850461678821258,0.7954293204311769,0.29345552736529346,0.5662650602409639,-3.4071720265302186,36,-0.12452970289225489,-0.15946165625783185,-0.8666489417773585,-0.5759571865873427,0.3888888888888889,-1.3673690534570648,,,,,,9.734939759036145,,,,,,10.944444444444445
D1_LS_S_adv,H0,C100,83,-0.2924442812290305,-0.3089738258986345,-3.1407531774205775,-1.1640258986554264,0.3614457831325301,-2.291181388470567,36,-0.4718076373107645,-0.3385842777928412,-5.091670616319454,-2.205374181417079,0.2777777777777778,-1.8734512052256236,-0.03955500907760312,0.252230514306519,0.0,0.0,0.0006587578449084113,1.0,-0.29057568041024673,0.17946734679936338,0.0,0.0,0.0017646101011545622,1.0
D1_L_top1_S_adv,H0,C100,83,-0.0157726884860506,-0.4037789187684572,-0.10614863869638057,-0.040287025997581334,0.3614457831325301,-1.014920706547626,36,-0.2652127806378403,-0.5457461838542257,-2.4497359226053277,-1.2254386370129404,0.2777777777777778,-1.0356074131924125,0.07995153233634782,0.09506546297748998,0.0,0.0,0.0006587578449084113,1.0,-0.17943363189905676,0.08401453863762894,0.0,0.0,0.0017646101011545622,1.0
D1_2v2_S_adv,H0,C100,83,-0.16587204999226596,-0.21710239459006775,-2.986290923560332,-1.102754460904145,0.3855421686746988,-1.1688473965689141,36,-0.3493445874139371,-0.4425166825895605,-4.779184520795029,-2.099036042618387,0.3888888888888889,-1.4892938428798073,0.05632655810304965,0.22153985025040718,0.0,0.0,0.0006587578449084113,2.0,-0.1890329581085821,0.1585470192042004,0.0,0.0,0.0017646101011545622,2.0
D2_slope_S_adv,H0,C100,83,0.12408988394215115,0.0999968970392233,2.139359066624999,0.7148207090162134,0.5783132530120482,-1.012637002685062,36,-0.1892014944555816,-0.2384956471003036,-1.6853435608148972,-0.8695668441498821,0.4444444444444444,-2.314399216608232,,,,,,9.734939759036145,,,,,,10.944444444444445
D3_SPY_timing_long,H0,C100,83,-0.07126602306468328,0.0,-2.193983065184998,-0.7867654884695381,0.12048192771084337,-0.9770060112119215,36,-0.03503737667317851,0.0,-0.9065283346849505,-0.5172501355897633,0.027777777777777776,-0.9375147188087363,-0.06323052078922178,0.0077819832095947904,0.0,0.0,0.0002535190658667151,0.3373493975903614,-0.032277309157165555,0.00253462284721562,0.0,0.0,0.0002254446687973352,0.1111111111111111
D3_SPY_always_long,H0,C100,83,0.00432743840560633,-0.16460409957874117,0.03566673017825318,0.013340723685506749,0.3855421686746988,-0.9770060112119215,36,-0.11972096497521248,-0.20446782568442712,-1.2142080736023142,-0.6655986114157268,0.3611111111111111,-0.978825096105474,0.02968840897767719,0.024702212727162456,0.0,0.0,0.0006587578449084113,1.0,-0.09163268431929776,0.02632367055476019,0.0,0.0,0.0017646101011545626,1.0
D1_LS_S_ew,H1,GROSS,83,0.04722931493214618,-0.07303469182726363,0.6389293549068233,0.22357294778531397,0.4457831325301205,-1.555415401507004,36,-0.1971957777592586,-0.23182214893177336,-1.283135460357812,-0.8380438593328186,0.3333333333333333,-1.716280392537592,0.051168743526326,0.0,-0.003280670749271406,0.0,0.0006587578449084113,1.0,-0.19456239505760234,0.0,-0.0008687726005016522,0.0,0.0017646101011545622,1.0
D1_L_top1_S_ew,H1,GROSS,83,0.05758292427421882,-0.19590773321561314,0.3722254602122948,0.15148479093996678,0.37349397590361444,-0.9619210774725709,36,-0.07517771944812246,-0.32375516579753133,-0.5850668015363171,-0.3353085686756251,0.3333333333333333,-0.9411508852967273,0.05315968812820155,0.0,0.005081993990925688,0.0,0.0006587578449084113,1.0,-0.05806637407175799,0.0,-0.015346735275209876,0.0,0.0017646101011545622,1.0
D1_2v2_S_ew,H1,GROSS,83,0.00269641798754103,-0.027012549395846297,0.04604641378509943,0.016222208311417335,0.4939759036144578,-2.085268894745929,36,-0.06396936504927016,-0.09779099268437505,-0.6093082532006014,-0.36254098675804125,0.4444444444444444,-1.4175411836687575,0.001630371556228263,0.0,0.001724804276221148,0.0,0.0006587578449084113,2.0,-0.05992691841195416,0.0,-0.002277836536161469,0.0,0.0017646101011545622,2.0
D2_slope_S_ew,H1,GROSS,83,0.02107123879256979,0.061570518806577934,0.2793048252336991,0.10116626881407524,0.5542168674698795,-3.7038786520335862,36,-0.1246562943120925,-0.13235798453464354,-0.8441419656144865,-0.5707823736638313,0.3888888888888889,-1.5416956538222957,,,,,,9.734939759036145,,,,,,10.944444444444445
D1_LS_S_adv,H1,GROSS,83,-0.06416696173103845,-0.15016831649497642,-0.8326686444516881,-0.2813640748365549,0.43373493975903615,-2.048652564071088,36,-0.2652688083085286,-0.1576674306520679,-3.25944002431569,-1.2972476706975735,0.3888888888888889,-1.716280392537592,-0.03955500907760312,0.0,-0.0239531948085269,0.0,0.0006587578449084113,1.0,-0.29057568041024673,0.0,0.027071482202872605,0.0,0.0017646101011545622,1.0
D1_L_top1_S_adv,H1,GROSS,83,0.07439864844308262,-0.35330802791109694,0.45846688881584347,0.17157760654523355,0.3373493975903614,-0.9619210774725709,36,-0.1773486179950449,-0.4911532408580356,-1.5857937659002508,-0.8038989465702617,0.2777777777777778,-0.9411508852967273,0.07995153233634782,0.0,-0.004894126048356792,0.0,0.0006587578449084113,1.0,-0.17943363189905676,0.0,0.0038496240051663928,0.0,0.0017646101011545622,1.0
D1_2v2_S_adv,H1,GROSS,83,0.03731983674640613,-0.027012549395846297,0.7975371302010285,0.2562819236972364,0.4819277108433735,-0.8962024187175468,36,-0.1842186234578838,-0.2000466593981562,-2.5340386371298242,-1.0797471479887804,0.4444444444444444,-1.4175411836687575,0.05632655810304965,0.0,-0.018347963511735097,0.0,0.0006587578449084113,2.0,-0.1890329581085821,0.0,0.006578944751852844,0.0,0.0017646101011545622,2.0
D2_slope_S_adv,H1,GROSS,83,0.03830892614347892,-0.07005296651619601,0.7152240134813747,0.2205992554750364,0.4939759036144578,-1.321457208341966,36,-0.21430350122407552,-0.24271481194111372,-1.9060863432166206,-0.9855996436433501,0.3611111111111111,-2.490543765009793,,,,,,9.734939759036145,,,,,,10.944444444444445
D3_SPY_timing_long,H1,GROSS,83,-0.06639513070810509,0.0,-2.0280378132397154,-0.7303915365563254,0.12048192771084337,-0.9721002128733071,36,-0.035389820028215585,0.0,-0.9572057461517804,-0.5443759829553055,0.027777777777777776,-0.9233986775748857,-0.06323052078922178,0.0,-0.002911090853016587,0.0,0.0002535190658667151,0.3373493975903614,-0.032277309157165555,0.0,-0.0028870662022526996,0.0,0.0002254446687973352,0.1111111111111111
D3_SPY_always_long,H1,GROSS,83,0.027748032373584367,-0.1949584801219676,0.21686107016751213,0.08059439240384714,0.3855421686746988,-0.9721002128733071,36,-0.09285315194232505,-0.21723188231576324,-0.9275952710861877,-0.5074845425609191,0.3888888888888889,-0.9233986775748857,0.02968840897767719,0.0,-0.001281618759184406,0.0,0.0006587578449084113,1.0,-0.09163268431929776,0.0,0.0005441424781272582,0.0,0.0017646101011545626,1.0
D1_LS_S_ew,H1,MID,83,-0.009590507603926617,-0.13278550326347677,-0.12852429717217606,-0.045446372965966014,0.42168674698795183,-1.6635454401646734,36,-0.2333485414581308,-0.2737658818955455,-1.5166841743379489,-0.9969309710248668,0.3333333333333333,-1.749969714858537,0.051168743526326,0.03318491832667912,-0.003280670749271406,0.023634904209393702,0.0006587578449084113,1.0,-0.19456239505760234,0.021963252388093234,-0.0008687726005016522,0.014189511310779057,0.0017646101011545622,1.0
D1_L_top1_S_ew,H1,MID,83,0.03303985008970733,-0.2079443289570783,0.2127594082183792,0.08686297562406307,0.37349397590361444,-0.9717542373076461,36,-0.09449934100954321,-0.3406571947216828,-0.733666128027838,-0.42306315809921086,0.3333333333333333,-0.9679843922018071,0.05315968812820155,0.015122162351910287,0.005081993990925688,0.00942091183260124,0.0006587578449084113,1.0,-0.05806637407175799,0.01259205127157816,-0.015346735275209876,0.00672957028984263,0.0017646101011545622,1.0
D1_2v2_S_ew,H1,MID,83,-0.055976890135365644,-0.07896490672690348,-0.9548591260659954,-0.33752169868369686,0.4578313253012048,-2.162587772152757,36,-0.0953429910271184,-0.12931064967199693,-0.9145008677313459,-0.5419250676007246,0.4166666666666667,-1.440696524291061,0.001630371556228263,0.03450886296412493,0.001724804276221148,0.02416444515878174,0.0006587578449084113,2.0,-0.05992691841195416,0.018683987064151295,-0.002277836536161469,0.012689638913696927,0.0017646101011545622,2.0
D2_slope_S_ew,H1,MID,83,0.03402541972658728,0.08964520948108999,0.44920094805056354,0.16323794527139882,0.5421686746987951,-3.6783676063277237,36,-0.11575803806954126,-0.1341836922622843,-0.7851538206449665,-0.5317487087476208,0.3888888888888889,-1.5154257067544237,,,,,,9.734939759036145,,,,,,10.944444444444445
D1_LS_S_adv,H1,MID,83,-0.12415230713573223,-0.21330120113919376,-1.6007296720286126,-0.5423481612824217,0.42168674698795183,-2.1185125878173627,36,-0.2983219099704878,-0.18968399248245638,-3.64260863883288,-1.4526942062035204,0.3611111111111111,-1.749969714858537,-0.03955500907760312,0.035103989208911716,-0.0239531948085269,0.024881356195782127,0.0006587578449084113,1.0,-0.29057568041024673,0.02023263164028706,0.027071482202872605,0.012820470021672106,0.0017646101011545622,1.0
D1_L_top1_S_adv,H1,MID,83,0.04731045800512033,-0.3866209353122542,0.29175626965467016,0.10941808758640283,0.3373493975903614,-0.9820320884488787,36,-0.1922435302522234,-0.5029832684835849,-1.703475041224835,-0.8689479307085971,0.2777777777777778,-0.9679843922018071,0.07995153233634782,0.01662383380459417,-0.004894126048356792,0.010464356633368107,0.0006587578449084113,1.0,-0.17943363189905676,0.01014765276558022,0.0038496240051663928,0.004747259491598189,0.0017646101011545622,1.0
D1_2v2_S_adv,H1,MID,83,-0.019841870576482398,-0.08922121780134568,-0.42213380597775185,-0.13733096380533732,0.4578313253012048,-0.9597672586784187,36,-0.21539074896620844,-0.2310937504467122,-3.0106013082347656,-1.2676188686089822,0.4444444444444444,-1.440696524291061,0.05632655810304965,0.03312429186550215,-0.018347963511735097,0.024037415457386375,0.0006587578449084113,2.0,-0.1890329581085821,0.01865799429883331,0.006578944751852844,0.01251413120949129,0.0017646101011545622,2.0
D2_slope_S_adv,H1,MID,83,0.05793102543668998,-0.037844380418779945,1.0593560889764484,0.33169585283842906,0.4939759036144578,-1.2727077558074464,36,-0.20185079232027295,-0.23102389961504793,-1.8035246695347116,-0.9318554570642507,0.3611111111111111,-2.4586620617459696,,,,,,9.734939759036145,,,,,,10.944444444444445
D3_SPY_timing_long,H1,MID,83,-0.06838895372285493,0.0,-2.0847726695101536,-0.750233297060145,0.12048192771084337,-0.9748330660039014,36,-0.035783970801817715,0.0,-0.9653352784813177,-0.5488335524373805,0.027777777777777776,-0.927550454085935,-0.06323052078922178,0.001087850244654974,-0.002911090853016587,0.0009059727700948835,0.0002535190658667151,0.3373493975903614,-0.032277309157165555,0.00018919300355114494,-0.0028870662022526996,0.00020495777005098435,0.0002254446687973352,0.1111111111111111
D3_SPY_always_long,H1,MID,83,0.020163523877366123,-0.2051966603224097,0.1574542011463767,0.058559183324324186,0.3855421686746988,-0.9748330660039014,36,-0.09616698448015916,-0.22043586980712804,-0.9601159994826283,-0.5254279413437418,0.3888888888888889,-0.927550454085935,0.02968840897767719,0.003905151564961484,-0.001281618759184406,0.003679356931256725,0.0006587578449084113,1.0,-0.09163268431929776,0.0016255682136024079,0.0005441424781272582,0.0016882643242317461,0.0017646101011545626,1.0
D1_LS_S_ew,H1,C25,83,-0.06090376684116264,-0.17326574398440586,-0.7994079012903487,-0.2864348620118718,0.3855421686746988,-1.7931382867457955,36,-0.27103877775369667,-0.3224395889606835,-1.7271427431943722,-1.1541589498030647,0.3055555555555556,-1.8117505572911434,0.051168743526326,0.08449817756391514,-0.003280670749271406,0.023634904209393702,0.0006587578449084113,1.0,-0.19456239505760234,0.05965348868365905,-0.0008687726005016522,0.014189511310779057,0.0017646101011545622,1.0
D1_L_top1_S_ew,H1,C25,83,0.01604151095585187,-0.21649385725896494,0.10322506178552585,0.04222636953993295,0.37349397590361444,-0.9802931367383861,36,-0.11495961799089985,-0.3588984236563433,-0.8877464518376338,-0.5172209037092211,0.3333333333333333,-0.9863667451429836,0.05315968812820155,0.03212050148576573,0.005081993990925688,0.00942091183260124,0.0006587578449084113,1.0,-0.05806637407175799,0.03305232825293476,-0.015346735275209876,0.00672957028984263,0.0017646101011545622,1.0
D1_2v2_S_ew,H1,C25,83,-0.09780326199197992,-0.09667604615948333,-1.6491121862233213,-0.5865682159261502,0.42168674698795183,-2.246603501961097,36,-0.13090845398516235,-0.16870461016033778,-1.2414368799348114,-0.7479821572727151,0.3333333333333333,-1.48034150074545,0.001630371556228263,0.07633523482073921,0.001724804276221148,0.02416444515878174,0.0006587578449084113,2.0,-0.05992691841195416,0.05424945002219523,-0.002277836536161469,0.012689638913696927,0.0017646101011545622,2.0
D2_slope_S_ew,H1,C25,83,0.040952051829267574,0.05350484880147643,0.5431542823459006,0.19845308536870315,0.5421686746987951,-3.60557667632923,36,-0.11448371913992071,-0.131759058107623,-0.775984098075882,-0.526275363715646,0.3888888888888889,-1.5085119914650362,,,,,,9.734939759036145,,,,,,10.944444444444445
D1_LS_S_adv,H1,C25,83,-0.178433938410134,-0.2810018995162804,-2.2437513979183294,-0.7682578250256648,0.39759036144578314,-2.1397978330799248,36,-0.3381305887602569,-0.21553765032878375,-4.080040038613201,-1.6467560466620905,0.3333333333333333,-1.8117505572911434,-0.03955500907760312,0.08938562048331349,-0.0239531948085269,0.024881356195782127,0.0006587578449084113,1.0,-0.29057568041024673,0.060041310430056144,0.027071482202872605,0.012820470021672106,0.0017646101011545622,1.0
D1_L_top1_S_adv,H1,C25,83,0.02770005071189636,-0.3985497935642886,0.17484745001334787,0.0655688980048233,0.3373493975903614,-0.9898445884488787,36,-0.2107102517202355,-0.5182229925045123,-1.875792716531031,-0.9534513384669223,0.2777777777777778,-0.9863667451429836,0.07995153233634782,0.03623424109781813,-0.004894126048356792,0.010464356633368107,0.0006587578449084113,1.0,-0.17943363189905676,0.028614374233592397,0.0038496240051663928,0.004747259491598189,0.0017646101011545622,1.0
D1_2v2_S_adv,H1,C25,83,-0.06694576017270863,-0.12764731546215446,-1.4334626560875423,-0.4697702072813561,0.40963855421686746,-0.9810269802079784,36,-0.2503630051925502,-0.26661683814096604,-3.4707149668270363,-1.4790575836351598,0.4444444444444444,-1.48034150074545,0.05632655810304965,0.0802281814617284,-0.018347963511735097,0.024037415457386375,0.0006587578449084113,2.0,-0.1890329581085821,0.05363025052517508,0.006578944751852844,0.01251413120949129,0.0017646101011545622,2.0
D2_slope_S_adv,H1,C25,83,0.06934200495798751,-0.010203143290879726,1.2585379300986015,0.3979088131747742,0.4939759036144578,-1.191300241934642,36,-0.1966867597832466,-0.23781819082915467,-1.751530208010395,-0.9101207586459927,0.3611111111111111,-2.444721891153623,,,,,,9.734939759036145,,,,,,10.944444444444445
D3_SPY_timing_long,H1,C25,83,-0.0700624869640899,0.0,-2.1330331046759694,-0.7674751132190352,0.12048192771084337,-0.9754848792297842,36,-0.036370328262733835,0.0,-0.9804406937415616,-0.557254522513492,0.027777777777777776,-0.930038841610819,-0.06323052078922178,0.002761383485889943,-0.002911090853016587,0.0009059727700948835,0.0002535190658667151,0.3373493975903614,-0.032277309157165555,0.0007755504644672624,-0.0028870662022526996,0.00020495777005098435,0.0002254446687973352,0.1111111111111111
D3_SPY_always_long,H1,C25,83,0.014964258586815897,-0.20915382978237257,0.11691613017995761,0.04351709619223017,0.3855421686746988,-0.9754848792297842,36,-0.10234151006544866,-0.22144518455560386,-1.030847274798132,-0.5614722767649546,0.3888888888888889,-0.930038841610819,0.02968840897767719,0.009104416855511745,-0.001281618759184406,0.003679356931256725,0.0006587578449084113,1.0,-0.09163268431929776,0.0078000937988918695,0.0005441424781272582,0.0016882643242317461,0.0017646101011545626,1.0
D1_LS_S_ew,H1,C50,83,-0.11221702607839869,-0.20533699233549552,-1.4301737574860298,-0.520230677603671,0.3614457831325301,-1.9227311333269168,36,-0.30872901404926245,-0.3510918982211518,-1.9277353343130719,-1.3086557123980695,0.3055555555555556,-1.8735313997237495,0.051168743526326,0.13581143680115118,-0.003280670749271406,0.023634904209393702,0.0006587578449084113,1.0,-0.19456239505760234,0.09734372497922483,-0.0008687726005016522,0.014189511310779057,0.0017646101011545622,1.0
D1_L_top1_S_ew,H1,C50,83,-0.0009568281780035268,-0.259937389760707,-0.0061510987477384595,-0.0025209118320727885,0.37349397590361444,-0.9888320361691262,36,-0.1354198949722565,-0.37713965259100374,-1.0389906020455624,-0.6118535598116721,0.3333333333333333,-1.00474909808416,0.05315968812820155,0.04911884061962115,0.005081993990925688,0.00942091183260124,0.0006587578449084113,1.0,-0.05806637407175799,0.0535126052342914,-0.015346735275209876,0.00672957028984263,0.0017646101011545622,1.0
D1_2v2_S_ew,H1,C50,83,-0.1396296338485942,-0.16824662403977167,-2.3216535691120073,-0.8309825898695472,0.40963855421686746,-2.3306192317694365,36,-0.16647391694320635,-0.21022373636909142,-1.5598301379838995,-0.9553203698933592,0.3055555555555556,-1.5199864771998388,0.001630371556228263,0.1181616066773535,0.001724804276221148,0.02416444515878174,0.0006587578449084113,2.0,-0.05992691841195416,0.08981491298023919,-0.002277836536161469,0.012689638913696927,0.0017646101011545622,2.0
D2_slope_S_ew,H1,C50,83,0.047878683931947934,0.05584732436404163,0.6372033458247655,0.23388502965488928,0.5421686746987951,-3.5327857463307257,36,-0.1132094002103,-0.12933442395296163,-0.7666937128758593,-0.5206455438427998,0.3888888888888889,-1.5015982761756483,,,,,,9.734939759036145,,,,,,10.944444444444445
D1_LS_S_adv,H1,C50,83,-0.23271556968453594,-0.3084485987507909,-2.836397976544286,-0.9805392549594578,0.37349397590361444,-2.161083078342487,36,-0.37793926755002594,-0.2413913081751115,-4.501230450472797,-1.839683387478646,0.3333333333333333,-1.8735313997237495,-0.03955500907760312,0.14366725175771533,-0.0239531948085269,0.024881356195782127,0.0006587578449084113,1.0,-0.29057568041024673,0.09984998921982521,0.027071482202872605,0.012820470021672106,0.0017646101011545622,1.0
D1_L_top1_S_adv,H1,C50,83,0.008089643418672424,-0.40581120435267026,0.05227889603802103,0.019604557053996562,0.3373493975903614,-0.9976570884488787,36,-0.22917697318824765,-0.5298690044356773,-2.049357556558994,-1.0379434336843487,0.2777777777777778,-1.00474909808416,0.07995153233634782,0.055844648391042084,-0.004894126048356792,0.010464356633368107,0.0006587578449084113,1.0,-0.17943363189905676,0.04708109570160459,0.0038496240051663928,0.004747259491598189,0.0017646101011545622,1.0
D1_2v2_S_adv,H1,C50,83,-0.11404964976893486,-0.173679539480414,-2.4382551170916638,-0.8069128536170236,0.37349397590361444,-1.0022867017375379,36,-0.28533526141889204,-0.30263874907165544,-3.9211423617084145,-1.6915341613222208,0.4166666666666667,-1.5199864771998388,0.05632655810304965,0.12733207105795466,-0.018347963511735097,0.024037415457386375,0.0006587578449084113,2.0,-0.1890329581085821,0.08860250675151682,0.006578944751852844,0.01251413120949129,0.0017646101011545622,2.0
D2_slope_S_adv,H1,C50,83,0.08075298447928493,0.040838681151218484,1.4463953243443621,0.46303650596302964,0.5301204819277109,-1.1098927280618378,36,-0.19152272724622027,-0.2446124820432615,-1.6994675406376105,-0.8881093014458692,0.4166666666666667,-2.4307817205612783,,,,,,9.734939759036145,,,,,,10.944444444444445
D3_SPY_timing_long,H1,C50,83,-0.07173602020532484,0.0,-2.1804949285124104,-0.7844616786074166,0.12048192771084337,-0.9761366924556671,36,-0.03695668572364996,0.0,-0.9954596488830725,-0.5656122463662707,0.027777777777777776,-0.9325272291357029,-0.06323052078922178,0.004434916727124875,-0.002911090853016587,0.0009059727700948835,0.0002535190658667151,0.3373493975903614,-0.032277309157165555,0.0013619079253833848,-0.0028870662022526996,0.00020495777005098435,0.0002254446687973352,0.1111111111111111
D3_SPY_always_long,H1,C50,83,0.009764993296265687,-0.2131109992423353,0.07633270400762777,0.028434320721295866,0.3855421686746988,-0.9761366924556671,36,-0.10851603565073809,-0.22245449930407962,-1.1027898792167006,-0.5977634475682275,0.3611111111111111,-0.9325272291357029,0.02968840897767719,0.01430368214606195,-0.001281618759184406,0.003679356931256725,0.0006587578449084113,1.0,-0.09163268431929776,0.013974619384181331,0.0005441424781272582,0.0016882643242317461,0.0017646101011545626,1.0
D1_LS_S_ew,H1,C100,83,-0.21484354455287077,-0.3221099598265421,-2.5302935462169045,-0.9504737245684655,0.3253012048192771,-2.1819168264891604,36,-0.38410948664039407,-0.4472096073312346,-2.3000080443553763,-1.6073639555479704,0.2777777777777778,-1.9970930845889616,0.051168743526326,0.2384379552756233,-0.003280670749271406,0.023634904209393702,0.0006587578449084113,1.0,-0.19456239505760234,0.17272419757035637,-0.0008687726005016522,0.014189511310779057,0.0017646101011545622,1.0
D1_L_top1_S_ew,H1,C100,83,-0.03495350644571445,-0.2925656966307082,-0.22409853415687558,-0.09215355063840325,0.3614457831325301,-1.1371475213624138,36,-0.1763404489349697,-0.40571970134149493,-1.3312682138156164,-0.801665670310067,0.3055555555555556,-1.041513803966513,0.05315968812820155,0.08311551888733204,0.005081993990925688,0.00942091183260124,0.0006587578449084113,1.0,-0.05806637407175799,0.09443315919700464,-0.015346735275209876,0.00672957028984263,0.0017646101011545622,1.0
D1_2v2_S_ew,H1,C100,83,-0.22328237756182281,-0.2549892389544377,-3.5871575176574066,-1.299860536121207,0.3253012048192771,-2.498650691386116,36,-0.23760484285929426,-0.2851235665768781,-2.1695210084884624,-1.3714990925773065,0.3055555555555556,-1.5992764301086164,0.001630371556228263,0.20181435039058213,0.001724804276221148,0.02416444515878174,0.0006587578449084113,2.0,-0.05992691841195416,0.16094583889632708,-0.002277836536161469,0.012689638913696927,0.0017646101011545622,2.0
D2_slope_S_ew,H1,C100,83,0.06173194813730849,0.11085445008922157,0.8241692901983705,0.30443857978745986,0.5783132530120482,-3.387203886333725,36,-0.11066076235105857,-0.12448515564363896,-0.7477730014430378,-0.5089345552215474,0.4444444444444444,-1.4911291302398206,,,,,,9.734939759036145,,,,,,10.944444444444445
D1_LS_S_adv,H1,C100,83,-0.3412788322333395,-0.3704626323315242,-3.8537539869796062,-1.3530088503860007,0.3132530120481928,-2.886657318037214,36,-0.45755662512956413,-0.324052197468698,-5.291949841687766,-2.2206723895948195,0.3055555555555556,-1.9970930845889616,-0.03955500907760312,0.252230514306519,-0.0239531948085269,0.024881356195782127,0.0006587578449084113,1.0,-0.29057568041024673,0.17946734679936338,0.027071482202872605,0.012820470021672106,0.0017646101011545622,1.0
D1_L_top1_S_adv,H1,C100,83,-0.031131171167775484,-0.42033402592943386,-0.2110085350244296,-0.07914000107474631,0.3373493975903614,-1.0132820884488787,36,-0.26611041612427205,-0.5503163429093417,-2.399899975138194,-1.2067007294822005,0.2777777777777778,-1.041513803966513,0.07995153233634782,0.09506546297748998,-0.004894126048356792,0.010464356633368107,0.0006587578449084113,1.0,-0.17943363189905676,0.08401453863762894,0.0038496240051663928,0.004747259491598189,0.0017646101011545622,1.0
D1_2v2_S_adv,H1,C100,83,-0.2082574289613874,-0.25897333561339314,-4.336053277099743,-1.47181324532098,0.30120481927710846,-1.0448061447966575,36,-0.3552797738715755,-0.3746825709330339,-4.791263471572405,-2.118731382028475,0.3333333333333333,-1.5992764301086164,0.05632655810304965,0.22153985025040718,-0.018347963511735097,0.024037415457386375,0.0006587578449084113,2.0,-0.1890329581085821,0.1585470192042004,0.006578944751852844,0.01251413120949129,0.0017646101011545622,2.0
D2_slope_S_adv,H1,C100,83,0.10357494352187978,0.07272056809282118,1.7794413126393998,0.5878000651331339,0.5421686746987951,-1.0830692505296189,36,-0.18119466217216737,-0.2437213445173068,-1.595307963182955,-0.8432976154336778,0.4166666666666667,-2.402901379376585,,,,,,9.734939759036145,,,,,,10.944444444444445
D3_SPY_timing_long,H1,C100,83,-0.07508308668779476,0.0,-2.2728781315653035,-0.81762611722716,0.12048192771084337,-0.977440318907433,36,-0.03812940064548219,0.0,-1.0252280098358644,-0.5821313264176021,0.027777777777777776,-0.9375040041854706,-0.06323052078922178,0.0077819832095947904,-0.002911090853016587,0.0009059727700948835,0.0002535190658667151,0.3373493975903614,-0.032277309157165555,0.00253462284721562,-0.0028870662022526996,0.00020495777005098435,0.0002254446687973352,0.1111111111111111
D3_SPY_always_long,H1,C100,83,-0.0006335372848348302,-0.22102533816226075,-0.00495694220072821,-0.0018494619664417872,0.3855421686746988,-0.977440318907433,36,-0.12086508682131696,-0.22447312880103107,-1.2503872750181442,-0.671057210498192,0.3611111111111111,-0.9375040041854706,0.02968840897767719,0.024702212727162456,-0.001281618759184406,0.003679356931256725,0.0006587578449084113,1.0,-0.09163268431929776,0.02632367055476019,0.0005441424781272582,0.0016882643242317461,0.0017646101011545626,1.0
D1_LS_S_ew,H2,GROSS,83,-0.019754453718177235,-0.07758279787738384,-0.678545776615731,-0.2424227276107341,0.3373493975903614,-0.4528613222649079,36,-0.04386669746398447,-0.08164769861866523,-1.2641653130002402,-0.6786545440348025,0.4166666666666667,-0.49590499134659677,0.051168743526326,0.0,-0.07026443939959481,0.0,0.0006587578449084113,1.0,-0.19456239505760234,0.0,0.15246030769477248,0.0,0.0017646101011545622,1.0
D1_L_top1_S_ew,H2,GROSS,83,-0.03500478751764557,-0.08659022648559628,-1.0724626183497825,-0.37911476018064977,0.3614457831325301,-0.6567838688601843,36,-0.05833152933487456,-0.07091939974084645,-1.232252772189259,-0.8400140850742223,0.3333333333333333,-0.46176188963793263,0.05315968812820155,0.0,-0.08750571780093869,0.0,0.0006587578449084113,1.0,-0.05806637407175799,0.0,0.0014994548380379896,0.0,0.0017646101011545622,1.0
D1_2v2_S_ew,H2,GROSS,83,-0.030673419386736334,-0.03976830940207804,-1.4071347308828588,-0.5142743742125596,0.42168674698795183,-0.6454377314324636,36,0.026010253456411787,0.01424842798303868,1.0433868873814298,0.6492066269469042,0.5555555555555556,-0.2945739760251127,0.001630371556228263,0.0,-0.031645033098056205,0.0,0.0006587578449084113,2.0,-0.05992691841195416,0.0,0.08770178196952057,0.0,0.0017646101011545622,2.0
D2_slope_S_ew,H2,GROSS,83,-0.006701701921855307,-0.03210303372696821,-0.2858089882675385,-0.08867230871603646,0.46987951807228917,-0.6286582451255667,36,0.025898379379032388,-0.007886250235220809,1.0134438242594412,0.5168735991901829,0.4722222222222222,-0.32783420286081727,,,,,,9.734939759036145,,,,,,10.944444444444445
D1_LS_S_adv,H2,GROSS,83,-0.056195800215567714,-0.07920060473134845,-1.9088320703335153,-0.6573353905557279,0.37349397590361444,-0.8197310063983418,36,-0.009192558018839158,0.0012922166397031781,-0.3390611487947965,-0.1592426964980859,0.5277777777777778,-0.31352252191694463,-0.03955500907760312,0.0,-0.01598203329305617,0.0,0.0006587578449084113,1.0,-0.29057568041024673,0.0,0.28314773249256203,0.0,0.0017646101011545622,1.0
D1_L_top1_S_adv,H2,GROSS,83,-0.049785765285703124,-0.12260534349811425,-1.5344410594474334,-0.5616442676778188,0.3614457831325301,-0.5874464674058576,36,-0.04464996487759225,-0.059124068171413566,-1.0713739589612679,-0.6849150682436089,0.3888888888888889,-0.3903971604674743,0.07995153233634782,0.0,-0.1290785397771425,0.0,0.0006587578449084113,1.0,-0.17943363189905676,0.0,0.13654827712261908,0.0,0.0017646101011545622,1.0
D1_2v2_S_adv,H2,GROSS,83,-0.045201200177349674,-0.059460868690374494,-2.56782941617121,-0.8110459244251184,0.3855421686746988,-0.5687900094440963,36,-0.014108598506675908,-0.049229977856386664,-0.5611585472323721,-0.25990587125320835,0.4444444444444444,-0.40673441191430815,0.05632655810304965,0.0,-0.10086900043549091,0.0,0.0006587578449084113,2.0,-0.1890329581085821,0.0,0.1766889697030608,0.0,0.0017646101011545622,2.0
D2_slope_S_adv,H2,GROSS,83,-0.04274692666842009,-0.057676074186433446,-1.8345092631708206,-0.5683609787824249,0.4578313253012048,-0.7635655725155837,36,0.0015953273914175949,0.007422963458003822,0.058166019850817464,0.028545134055583662,0.5277777777777778,-0.325012085937478,,,,,,9.734939759036145,,,,,,10.944444444444445
D3_SPY_timing_long,H2,GROSS,83,-0.016141975934282304,0.0,-1.1693375405180926,-0.35338326695265976,0.13253012048192772,-0.48756847799589514,36,-0.006222931546510877,0.0,-1.3774663274522754,-0.7027064880194415,0.027777777777777776,-0.17497068936611082,-0.06323052078922178,0.0,0.0473420639208062,0.0,0.0002535190658667151,0.3373493975903614,-0.032277309157165555,0.0,0.02627982227945201,0.0,0.0002254446687973352,0.1111111111111111
D3_SPY_always_long,H2,GROSS,83,-0.03429654330368168,-0.12246122505199575,-1.1570392861714807,-0.4007467246267962,0.3614457831325301,-0.5598875454768996,36,-0.06302766963226457,-0.11776627495096878,-1.638360756257709,-0.9209727100508381,0.3333333333333333,-0.40394875772180894,0.02968840897767719,0.0,-0.06332619443645046,0.0,0.0006587578449084113,1.0,-0.09163268431929776,0.0,0.030369624788187697,0.0,0.0017646101011545626,1.0
D1_LS_S_ew,H2,MID,83,-0.33168149944839664,-0.30474583175841186,-9.650558544676025,-3.895638154576347,0.10843373493975904,-0.9669006260455023,36,-0.23330498447074938,-0.23363588650446748,-5.379855932709006,-3.1473016846151913,0.16666666666666666,-0.7118589617359756,0.051168743526326,0.03318491832667912,-0.07026443939959481,0.27874212740354026,0.0006587578449084113,1.0,-0.19456239505760234,0.021963252388093234,0.15246030769477248,0.16747503461867166,0.0017646101011545622,1.0
D1_L_top1_S_ew,H2,MID,83,-0.16738490085027116,-0.17855365214827934,-5.070426421189413,-1.8553906659638832,0.21686746987951808,-0.7207957884227042,36,-0.15156335443514024,-0.1255396243449703,-3.015430136647923,-2.082178581185193,0.25,-0.6623010763944182,0.05315968812820155,0.015122162351910287,-0.08750571780093869,0.11725795098071536,0.0006587578449084113,1.0,-0.05806637407175799,0.01259205127157816,0.0014994548380379896,0.08063977382868752,0.0017646101011545622,1.0
D1_2v2_S_ew,H2,MID,83,-0.3495640664847391,-0.33017867782622384,-12.258776514749567,-5.43720964613574,0.024096385542168676,-1.126536284281358,36,-0.1459115493533164,-0.1545146767410465,-4.610565437079665,-3.0711539325949895,0.2222222222222222,-0.5975066412113897,0.001630371556228263,0.03450886296412493,-0.031645033098056205,0.2843817841338778,0.0006587578449084113,2.0,-0.05992691841195416,0.018683987064151295,0.08770178196952057,0.15323781574557685,0.0017646101011545622,2.0
D2_slope_S_ew,H2,MID,83,0.052489547564625816,0.04361833941044201,2.2313375258132275,0.6798634150216228,0.5662650602409639,-0.545825649258495,36,0.07679544801794098,0.06058300281077665,2.8902900272153187,1.4948154133239657,0.5833333333333334,-0.2211881367122836,,,,,,9.734939759036145,,,,,,10.944444444444445
D1_LS_S_adv,H2,MID,83,-0.3878231256189169,-0.4332358311654162,-12.014079016166567,-4.190981207870763,0.08433734939759036,-1.245706962781439,36,-0.18281678515734873,-0.18098924310545786,-5.40823030733702,-2.912627914643308,0.19444444444444445,-0.5237953782535667,-0.03955500907760312,0.035103989208911716,-0.01598203329305617,0.2965233361944376,0.0006587578449084113,1.0,-0.29057568041024673,0.02023263164028706,0.28314773249256203,0.15339159549822257,0.0017646101011545622,1.0
D1_L_top1_S_adv,H2,MID,83,-0.19637571120024402,-0.24779240749836626,-6.215459763657531,-2.2509039096879833,0.20481927710843373,-0.6733297432599886,36,-0.11606025251431437,-0.14216628073605067,-2.489777940525445,-1.7088517343645953,0.3611111111111111,-0.4985307921205719,0.07995153233634782,0.01662383380459417,-0.1290785397771425,0.12996611210994674,0.0006587578449084113,1.0,-0.17943363189905676,0.01014765276558022,0.13654827712261908,0.06126263487114189,0.0017646101011545622,1.0
D1_2v2_S_adv,H2,MID,83,-0.3611569467523296,-0.37460633720024583,-15.185533416925587,-5.7969758382676595,0.03614457831325301,-0.8677709744203406,36,-0.1836610880733563,-0.21447426759724567,-6.054428041409112,-3.216246805670027,0.19444444444444445,-0.6073030592111218,0.05632655810304965,0.03312429186550215,-0.10086900043549091,0.28283145470947785,0.0006587578449084113,2.0,-0.1890329581085821,0.01865799429883331,0.1766889697030608,0.15089449526784712,0.0017646101011545622,2.0
D2_slope_S_adv,H2,MID,83,0.029595531380197958,-0.006779789682918688,1.3646113767180166,0.39146026134488565,0.4939759036144578,-0.6551528579935485,36,0.06631971879034788,0.050401410757496976,2.593957040867289,1.2351399193075134,0.5833333333333334,-0.20816365921688887,,,,,,9.734939759036145,,,,,,10.944444444444445
D3_SPY_timing_long,H2,MID,83,-0.0343280654593503,0.0,-2.4802014387091305,-0.7326338290726124,0.0963855421686747,-0.535961719125158,36,-0.010323819823899466,0.0,-1.8406608041026171,-0.950033296622269,0.0,-0.205546197452573,-0.06323052078922178,0.001087850244654974,0.0473420639208062,0.017098239280413027,0.0002535190658667151,0.3373493975903614,-0.032277309157165555,0.00018919300355114494,0.02627982227945201,0.003911695273837442,0.0002254446687973352,0.1111111111111111
D3_SPY_always_long,H2,MID,83,-0.09714474890990425,-0.19058449128311467,-3.266204051949147,-1.1518433015219234,0.27710843373493976,-0.6276842059496271,36,-0.09707444881134847,-0.1485329362874053,-2.4614408887178634,-1.428313021485257,0.25,-0.43209560800975005,0.02968840897767719,0.003905151564961484,-0.06332619443645046,0.05894305404126107,0.0006587578449084113,1.0,-0.09163268431929776,0.0016255682136024079,0.030369624788187697,0.03242121096548148,0.0017646101011545626,1.0
D1_LS_S_ew,H2,C25,83,-0.38299475868563265,-0.39167465273134905,-10.92360461130607,-4.343714145365649,0.08433734939759036,-1.0194708984629797,36,-0.27099522076631516,-0.25525852618644373,-6.448452448287988,-3.6273880449154423,0.1388888888888889,-0.7729344115894511,0.051168743526326,0.08449817756391514,-0.07026443939959481,0.27874212740354026,0.0006587578449084113,1.0,-0.19456239505760234,0.05965348868365905,0.15246030769477248,0.16747503461867166,0.0017646101011545622,1.0
D1_L_top1_S_ew,H2,C25,83,-0.1843832399841266,-0.1831073862102101,-5.635326435035926,-2.044567767743755,0.21686746987951808,-0.8342632397321769,36,-0.17202363141649685,-0.14586532409216219,-3.6281314822259936,-2.456551428569547,0.2222222222222222,-0.6653252699428053,0.05315968812820155,0.03212050148576573,-0.08750571780093869,0.11725795098071536,0.0006587578449084113,1.0,-0.05806637407175799,0.03305232825293476,0.0014994548380379896,0.08063977382868752,0.0017646101011545622,1.0
D1_2v2_S_ew,H2,C25,83,-0.3913904383413533,-0.38062963809211453,-13.717830341648325,-6.067060697727729,0.0,-1.1600286920126741,36,-0.18147701231136038,-0.1800447982517895,-5.990503579767628,-3.832658852318174,0.1111111111111111,-0.6268977995686679,0.001630371556228263,0.07633523482073921,-0.031645033098056205,0.2843817841338778,0.0006587578449084113,2.0,-0.05992691841195416,0.05424945002219523,0.08770178196952057,0.15323781574557685,0.0017646101011545622,2.0
D2_slope_S_ew,H2,C25,83,0.05941617966730613,0.05240294227421044,2.500811528863976,0.7466671448703781,0.5903614457831325,-0.5209005476170205,36,0.0780697669475617,0.061901019639128675,3.023329026937674,1.5538135104957616,0.6388888888888888,-0.2183799060624886,,,,,,9.734939759036145,,,,,,10.944444444444445
D1_LS_S_adv,H2,C25,83,-0.44210475689331874,-0.46687186829244776,-13.033441508897901,-4.430843231347396,0.07228915662650602,-1.665366433454298,36,-0.22262546394711785,-0.20297759953485747,-6.655076203967197,-3.491410663649404,0.16666666666666666,-0.5750833387921068,-0.03955500907760312,0.08938562048331349,-0.01598203329305617,0.2965233361944376,0.0006587578449084113,1.0,-0.29057568041024673,0.060041310430056144,0.28314773249256203,0.15339159549822257,0.0017646101011545622,1.0
D1_L_top1_S_adv,H2,C25,83,-0.21598611849346797,-0.28233008777683577,-7.062776983135814,-2.4915956698153265,0.1927710843373494,-0.678046724392064,36,-0.13452697398232652,-0.15970394551947814,-2.9340640602975694,-1.9790753549715356,0.3055555555555556,-0.5128750544156536,0.07995153233634782,0.03623424109781813,-0.1290785397771425,0.12996611210994674,0.0006587578449084113,1.0,-0.17943363189905676,0.028614374233592397,0.13654827712261908,0.06126263487114189,0.0017646101011545622,1.0
D1_2v2_S_adv,H2,C25,83,-0.4082608363485559,-0.40597190850815557,-16.487328594372016,-6.3046209965591675,0.024096385542168676,-0.9813567643160568,36,-0.21863334429969805,-0.25346028625508615,-7.4652742316781735,-3.8828015651251215,0.16666666666666666,-0.6396613160999673,0.05632655810304965,0.0802281814617284,-0.10086900043549091,0.28283145470947785,0.0006587578449084113,2.0,-0.1890329581085821,0.05363025052517508,0.1766889697030608,0.15089449526784712,0.0017646101011545622,2.0
D2_slope_S_adv,H2,C25,83,0.041006510901495416,0.007504156304611128,1.9161623310844633,0.5345111398160916,0.5301204819277109,-0.5737453441207441,36,0.07148375132737428,0.06196837905901957,2.868207261862087,1.3553139192860086,0.5833333333333334,-0.20206444508712013,,,,,,9.734939759036145,,,,,,10.944444444444445
D3_SPY_timing_long,H2,C25,83,-0.036001598700585266,0.0,-2.6245874804795943,-0.7730971683248091,0.0963855421686747,-0.5386474845683095,36,-0.010910177284815586,0.0,-1.8563913749386485,-0.9562828384709577,0.0,-0.21557418252719987,-0.06323052078922178,0.002761383485889943,0.0473420639208062,0.017098239280413027,0.0002535190658667151,0.3373493975903614,-0.032277309157165555,0.0007755504644672624,0.02627982227945201,0.003911695273837442,0.0002254446687973352,0.1111111111111111
D3_SPY_always_long,H2,C25,83,-0.10234401420045451,-0.1964428873294233,-3.4527338843557414,-1.2211271454973047,0.27710843373493976,-0.6294370543282424,36,-0.10324897439663794,-0.1496490850016033,-2.6229080179956905,-1.5199122463139711,0.25,-0.4340270826486484,0.02968840897767719,0.009104416855511745,-0.06332619443645046,0.05894305404126107,0.0006587578449084113,1.0,-0.09163268431929776,0.0078000937988918695,0.030369624788187697,0.03242121096548148,0.0017646101011545626,1.0
D1_LS_S_ew,H2,C50,83,-0.43430801792286866,-0.42651752089769623,-11.634602899776624,-4.5929325676556205,0.07228915662650602,-1.192057942294948,36,-0.30868545706188094,-0.2913176326151365,-7.448099072757712,-4.048570775029184,0.1111111111111111,-0.8340098614429267,0.051168743526326,0.13581143680115118,-0.07026443939959481,0.27874212740354026,0.0006587578449084113,1.0,-0.19456239505760234,0.09734372497922483,0.15246030769477248,0.16747503461867166,0.0017646101011545622,1.0
D1_L_top1_S_ew,H2,C50,83,-0.20138157911798202,-0.19324851846895277,-6.17480616400502,-2.2196248733633688,0.21686746987951808,-1.0287076841766214,36,-0.19248390839785348,-0.16074384807431874,-4.293450030068079,-2.8423700098277997,0.19444444444444445,-0.6683494634911924,0.05315968812820155,0.04911884061962115,-0.08750571780093869,0.11725795098071536,0.0006587578449084113,1.0,-0.05806637407175799,0.0535126052342914,0.0014994548380379896,0.08063977382868752,0.0017646101011545622,1.0
D1_2v2_S_ew,H2,C50,83,-0.4332168101979677,-0.43108059835800555,-14.99932876417018,-6.586739153967822,0.0,-1.1935210997439902,36,-0.21704247526940432,-0.19859871611144153,-7.423826139736051,-4.5402626079244905,0.1111111111111111,-0.6562889579259464,0.001630371556228263,0.1181616066773535,-0.031645033098056205,0.2843817841338778,0.0006587578449084113,2.0,-0.05992691841195416,0.08981491298023919,0.08770178196952057,0.15323781574557685,0.0017646101011545622,2.0
D2_slope_S_ew,H2,C50,83,0.0663428117699865,0.06157722093428025,2.7321410330903175,0.7991604936699896,0.5903614457831325,-0.5261286749067373,36,0.07934408587718235,0.06786783688422003,3.148147504668823,1.6073979242807597,0.6388888888888888,-0.21557167541269368,,,,,,9.734939759036145,,,,,,10.944444444444445
D1_LS_S_adv,H2,C50,83,-0.4963863881677207,-0.48594035840283395,-13.47057338780425,-4.495688678825855,0.060240963855421686,-2.0850259041271597,36,-0.2624341427368869,-0.22654506555610332,-7.854962732549527,-4.02734173341415,0.1388888888888889,-0.6527242866697109,-0.03955500907760312,0.14366725175771533,-0.01598203329305617,0.2965233361944376,0.0006587578449084113,1.0,-0.29057568041024673,0.09984998921982521,0.28314773249256203,0.15339159549822257,0.0017646101011545622,1.0
D1_L_top1_S_adv,H2,C50,83,-0.23559652578669193,-0.30068132541544185,-7.787231123282596,-2.6840790996158987,0.1927710843373494,-0.9694778977621716,36,-0.15299369545033875,-0.18400922514180917,-3.390246819650355,-2.24438329173166,0.3055555555555556,-0.5272193167107356,0.07995153233634782,0.055844648391042084,-0.1290785397771425,0.12996611210994674,0.0006587578449084113,1.0,-0.17943363189905676,0.04708109570160459,0.13654827712261908,0.06126263487114189,0.0017646101011545622,1.0
D1_2v2_S_adv,H2,C50,83,-0.4553647259447822,-0.4483244113049616,-17.263299109754982,-6.613562265526116,0.012048192771084338,-1.2230051398401522,36,-0.25360560052603986,-0.29244630491292656,-8.955993939274396,-4.55437311888699,0.1388888888888889,-0.672019572988813,0.05632655810304965,0.12733207105795466,-0.10086900043549091,0.28283145470947785,0.0006587578449084113,2.0,-0.1890329581085821,0.08860250675151682,0.1766889697030608,0.15089449526784712,0.0017646101011545622,2.0
D2_slope_S_adv,H2,C50,83,0.05241749042279287,0.058213255528083506,2.3883573280597186,0.6637774481493138,0.5301204819277109,-0.5201411367945434,36,0.07664778386440065,0.06697403636035856,3.1420490211057426,1.47520730971624,0.6388888888888888,-0.19596523095735144,,,,,,9.734939759036145,,,,,,10.944444444444445
D3_SPY_timing_long,H2,C50,83,-0.0376751319418202,0.0,-2.7668009429470515,-0.8132584193387646,0.0963855421686747,-0.5413332500114606,36,-0.011496534745731708,0.0,-1.869853908778339,-0.9615774959538731,0.0,-0.2256021676018268,-0.06323052078922178,0.004434916727124875,0.0473420639208062,0.017098239280413027,0.0002535190658667151,0.3373493975903614,-0.032277309157165555,0.0013619079253833848,0.02627982227945201,0.003911695273837442,0.0002254446687973352,0.1111111111111111
D3_SPY_always_long,H2,C50,83,-0.10754327949100473,-0.20000211284195163,-3.638667003777582,-1.290761518080827,0.27710843373493976,-0.6311899027068577,36,-0.10942349998192741,-0.15129034216502946,-2.782671178438021,-1.610403190887571,0.25,-0.4359585572875465,0.02968840897767719,0.01430368214606195,-0.06332619443645046,0.05894305404126107,0.0006587578449084113,1.0,-0.09163268431929776,0.013974619384181331,0.030369624788187697,0.03242121096548148,0.0017646101011545626,1.0
D1_LS_S_ew,H2,C100,83,-0.5369345363973408,-0.5162150591607436,-11.801094116068528,-4.673003281421381,0.07228915662650602,-1.6086591247450523,36,-0.38406592965301256,-0.3688527540367167,-9.004392580612679,-4.686853598709496,0.1111111111111111,-0.9561607611498775,0.051168743526326,0.2384379552756233,-0.07026443939959481,0.27874212740354026,0.0006587578449084113,1.0,-0.19456239505760234,0.17272419757035637,0.15246030769477248,0.16747503461867166,0.0017646101011545622,1.0
D1_L_top1_S_ew,H2,C100,83,-0.23537825738569293,-0.26606674404765385,-7.139782482274375,-2.517268041373847,0.18072289156626506,-1.41759657306551,36,-0.2334044623605667,-0.19456239474345227,-5.739319077362047,-3.609501259975577,0.1388888888888889,-0.6743978505879666,0.05315968812820155,0.08311551888733204,-0.08750571780093869,0.11725795098071536,0.0006587578449084113,1.0,-0.05806637407175799,0.09443315919700464,0.0014994548380379896,0.08063977382868752,0.0017646101011545622,1.0
D1_2v2_S_ew,H2,C100,83,-0.5168695539111963,-0.5179041350480823,-16.929066564312674,-7.264765507231689,0.0,-1.2605059152066223,36,-0.2881734011854922,-0.2973555677933154,-10.244914524983523,-5.7103818605185594,0.027777777777777776,-0.7150712746405032,0.001630371556228263,0.20181435039058213,-0.031645033098056205,0.2843817841338778,0.0006587578449084113,2.0,-0.05992691841195416,0.16094583889632708,0.08770178196952057,0.15323781574557685,0.0017646101011545622,2.0
D2_slope_S_ew,H2,C100,83,0.08019607597534718,0.07330127363145415,3.070698137487249,0.8660771050373732,0.6265060240963856,-0.6426796275471691,36,0.08189272373642378,0.09771045949750823,3.35783429407032,1.692233956614763,0.6666666666666666,-0.22500977464055064,,,,,,9.734939759036145,,,,,,10.944444444444445
D1_LS_S_adv,H2,C100,83,-0.6049496507165244,-0.5793451488652324,-13.30100956458914,-4.366955187545611,0.060240963855421686,-2.924344845472878,36,-0.34205150031642506,-0.2910399864594817,-9.986749299367498,-4.952626229465014,0.08333333333333333,-0.8080061824249192,-0.03955500907760312,0.252230514306519,-0.01598203329305617,0.2965233361944376,0.0006587578449084113,1.0,-0.29057568041024673,0.17946734679936338,0.28314773249256203,0.15339159549822257,0.0017646101011545622,1.0
D1_L_top1_S_adv,H2,C100,83,-0.2748173403731398,-0.31841249441454034,-8.668635758598578,-2.905587662884172,0.1566265060240964,-1.7086083325447803,36,-0.1899271383863631,-0.21100192102267967,-4.334499786813732,-2.754448109866408,0.25,-0.566229399106995,0.07995153233634782,0.09506546297748998,-0.1290785397771425,0.12996611210994674,0.0006587578449084113,1.0,-0.17943363189905676,0.08401453863762894,0.13654827712261908,0.06126263487114189,0.0017646101011545622,1.0
D1_2v2_S_adv,H2,C100,83,-0.5495725051372345,-0.5267190118369192,-17.67974739085575,-6.7945613387628505,0.0,-1.7063018908883454,36,-0.3235501129787235,-0.3621419078111545,-12.14252563840475,-5.885617172275331,0.0,-0.7367360867665042,0.05632655810304965,0.22153985025040718,-0.10086900043549091,0.28283145470947785,0.0006587578449084113,2.0,-0.1890329581085821,0.1585470192042004,0.1766889697030608,0.15089449526784712,0.0017646101011545622,2.0
D2_slope_S_adv,H2,C100,83,0.07523944946538774,0.08521796081411663,2.9802834825681996,0.8700345539009549,0.5421686746987951,-0.7004450695391166,36,0.0869758489384535,0.08253621838792075,3.6678380561889545,1.7084752684454592,0.6388888888888888,-0.20783385616287076,,,,,,9.734939759036145,,,,,,10.944444444444445
D3_SPY_timing_long,H2,C100,83,-0.04102219842429011,0.0,-3.041107636176609,-0.8921237029115784,0.0963855421686747,-0.5467047808977632,36,-0.012669249667563942,0.0,-1.8914162670429329,-0.9699407991823051,0.0,-0.24565813775108053,-0.06323052078922178,0.0077819832095947904,0.0473420639208062,0.017098239280413027,0.0002535190658667151,0.3373493975903614,-0.032277309157165555,0.00253462284721562,0.02627982227945201,0.003911695273837442,0.0002254446687973352,0.1111111111111111
D3_SPY_always_long,H2,C100,83,-0.11794181007210523,-0.20608847750842751,-4.0075029159797735,-1.4307198294415204,0.27710843373493976,-0.634695599464088,36,-0.12177255115250626,-0.15596776529552334,-3.0954572676270073,-1.787269904539351,0.2222222222222222,-0.4398215065653429,0.02968840897767719,0.024702212727162456,-0.06332619443645046,0.05894305404126107,0.0006587578449084113,1.0,-0.09163268431929776,0.02632367055476019,0.030369624788187697,0.03242121096548148,0.0017646101011545626,1.0
D1_LS_S_ew,H3,GROSS,83,-0.007980951496002066,-0.039999965025371606,-0.25480461956483375,-0.08414565061113548,0.42168674698795183,-0.5966065843762975,36,-0.09702758397256912,-0.11498527731555096,-2.2996027417077336,-1.283854503493444,0.3611111111111111,-0.7133274680876943,0.051168743526326,0.0,-0.058490937177419634,0.0,0.0006587578449084113,1.0,-0.19456239505760234,0.0,0.09929942118618777,0.0,0.0017646101011545622,1.0
D1_L_top1_S_ew,H3,GROSS,83,-0.011937150835406933,-0.0697556653330572,-0.29766893450341797,-0.10972137413523458,0.40963855421686746,-0.8301995718808132,36,-0.09901370521845997,-0.07235495620627344,-2.0162834455749348,-1.3810251701236378,0.2777777777777778,-0.5863033804447564,0.05315968812820155,0.0,-0.06443808111870006,0.0,0.0006587578449084113,1.0,-0.05806637407175799,0.0,-0.039182721045547424,0.0,0.0017646101011545622,1.0
D1_2v2_S_ew,H3,GROSS,83,-0.03238222789318841,-0.07396308515341309,-1.283056200302016,-0.4991868369362942,0.3614457831325301,-0.4700112419838537,36,-0.009263078582935923,-0.04798545604540003,-0.3384813715134076,-0.18906190781856427,0.4166666666666667,-0.27712766897561697,0.001630371556228263,0.0,-0.03335384160450829,0.0,0.0006587578449084113,2.0,-0.05992691841195416,0.0,0.05242844993017283,0.0,0.0017646101011545622,2.0
D2_slope_S_ew,H3,GROSS,83,-0.006260006179301438,-0.02029933135001632,-0.23919132508923452,-0.07361354126606856,0.4578313253012048,-0.9065878139927936,36,-0.003144474673424629,-0.018528234450947825,-0.09034162276671415,-0.053744144394015494,0.4722222222222222,-0.36337264905233024,,,,,,9.734939759036145,,,,,,10.944444444444445
D1_LS_S_adv,H3,GROSS,83,-0.032924480418715325,-0.05836156168898676,-1.029210876476544,-0.3382486938499851,0.39759036144578314,-0.637117698777974,36,-0.008837428676878643,-0.0064221860659589985,-0.21163662157639732,-0.11036045507674218,0.5,-0.43741570225674303,-0.03955500907760312,0.0,0.007289286503796205,0.0,0.0006587578449084113,1.0,-0.29057568041024673,0.0,0.28350286183452256,0.0,0.0017646101011545622,1.0
D1_L_top1_S_adv,H3,GROSS,83,-0.014462996646415396,-0.08999332920921117,-0.31160039662285827,-0.11651715361005803,0.39759036144578314,-0.7203316248576553,36,-0.04150497395407978,-0.08730018163144582,-0.805902533319704,-0.5076022443845976,0.3611111111111111,-0.5910676345112686,0.07995153233634782,0.0,-0.09375577113785477,0.0,0.0006587578449084113,1.0,-0.17943363189905676,0.0,0.13969326804613152,0.0,0.0017646101011545622,1.0
D1_2v2_S_adv,H3,GROSS,83,-0.03860952589287751,-0.012590338224602121,-2.157645281769384,-0.6111338645691591,0.4578313253012048,-0.5204422503792437,36,-0.03821985612795306,-0.04814632363119756,-1.3335248131717592,-0.585559479692656,0.4444444444444444,-0.5163986096610917,0.05632655810304965,0.0,-0.09427732615101872,0.0,0.0006587578449084113,2.0,-0.1890329581085821,0.0,0.1525777120817836,0.0,0.0017646101011545622,2.0
D2_slope_S_adv,H3,GROSS,83,-0.029940689929313705,-0.018506242496005458,-1.241161380271023,-0.3703399013275428,0.4578313253012048,-0.7144495903743895,36,-0.01800566420695577,-0.018268648576655347,-0.4525761856660709,-0.2576737058496802,0.4722222222222222,-0.5450492516138266,,,,,,9.734939759036145,,,,,,10.944444444444445
D3_SPY_timing_long,H3,GROSS,83,-0.007271506588806339,0.0,-0.4979878653205142,-0.1483771739442561,0.1566265060240964,-0.5145848141935584,36,-0.021493459633057856,0.0,-1.907768122175749,-1.027379694236905,0.0,-0.2906105631335642,-0.06323052078922178,0.0,0.05621253326628215,0.0,0.0002535190658667151,0.3373493975903614,-0.032277309157165555,0.0,0.011009294192905028,0.0,0.0002254446687973352,0.1111111111111111
D3_SPY_always_long,H3,GROSS,83,-0.023258944573894307,-0.09371717696802662,-0.6781357182719958,-0.24744224158706726,0.3855421686746988,-0.6843279005609331,36,-0.08299088785689249,-0.11645434132940442,-2.1733711622750245,-1.2275856525124138,0.3055555555555556,-0.4456216704357216,0.02968840897767719,0.0,-0.05228859570666308,0.0,0.0006587578449084113,1.0,-0.09163268431929776,0.0,0.010406406563559813,0.0,0.0017646101011545626,1.0
D1_LS_S_ew,H3,MID,83,-0.1427102983979549,-0.1560782703483886,-4.497895322264494,-1.5342798605978243,0.3132530120481928,-0.7634838397925852,36,-0.1807571126057541,-0.21617114307685664,-4.035430615371811,-2.320002986084166,0.3055555555555556,-0.8227627551940802,0.051168743526326,0.03318491832667912,-0.058490937177419634,0.10154442857527372,0.0006587578449084113,1.0,-0.19456239505760234,0.021963252388093234,0.09929942118618777,0.061766276245091775,0.0017646101011545622,1.0
D1_L_top1_S_ew,H3,MID,83,-0.07285530605600742,-0.1267225476328321,-1.8435025551130217,-0.6906392469351272,0.3253012048192771,-0.843486805015851,36,-0.1415158455419714,-0.11582824887130991,-2.884007878567605,-1.9917790075380157,0.25,-0.64179543114264,0.05315968812820155,0.015122162351910287,-0.06443808111870006,0.04579599286869019,0.0006587578449084113,1.0,-0.05806637407175799,0.01259205127157816,-0.039182721045547424,0.02991008905193327,0.0017646101011545622,1.0
D1_2v2_S_ew,H3,MID,83,-0.1691249966046157,-0.19766133552651372,-6.2075346635381194,-2.5910138698072886,0.1927710843373494,-0.6443428194386706,36,-0.0862160320246765,-0.12670739305829404,-3.1507709491523674,-1.7309976465870447,0.3333333333333333,-0.37757190049438394,0.001630371556228263,0.03450886296412493,-0.03335384160450829,0.10223390574730233,0.0006587578449084113,2.0,-0.05992691841195416,0.018683987064151295,0.05242844993017283,0.058268966377589305,0.0017646101011545622,2.0
D2_slope_S_ew,H3,MID,83,0.01769428865694962,0.023056766142218774,0.6787124142377682,0.21195044212328443,0.5180722891566265,-0.8515367111472351,36,0.01680518359459476,-0.011245162445326305,0.5029564250518821,0.29894952183151957,0.4722222222222222,-0.29419790427783804,,,,,,9.734939759036145,,,,,,10.944444444444445
D1_LS_S_adv,H3,MID,83,-0.17226191810209668,-0.18924203778976578,-5.478490384674104,-1.7837776028850538,0.2891566265060241,-0.8086841156461281,36,-0.08725439537396723,-0.08870187435864799,-1.972649982482757,-1.0670569353859019,0.3888888888888889,-0.5498499375279267,-0.03955500907760312,0.035103989208911716,0.007289286503796205,0.10423344847446964,0.0006587578449084113,1.0,-0.29057568041024673,0.02023263164028706,0.28350286183452256,0.058184335056801526,0.0017646101011545622,1.0
D1_L_top1_S_adv,H3,MID,83,-0.07935143340545928,-0.13037428359276873,-1.7545076184547344,-0.6608648926384671,0.3253012048192771,-0.7912390940426142,36,-0.07722537738527993,-0.12172661674306065,-1.4566946351356953,-0.9412516668321929,0.3333333333333333,-0.6210168752175351,0.07995153233634782,0.01662383380459417,-0.09375577113785477,0.04826460295444972,0.0006587578449084113,1.0,-0.17943363189905676,0.01014765276558022,0.13969326804613152,0.02557275066561994,0.0017646101011545622,1.0
D1_2v2_S_adv,H3,MID,83,-0.17528671268799167,-0.15603302063399957,-9.057981300071193,-2.7763731317009372,0.18072289156626506,-0.7589122569014708,36,-0.11443081185341006,-0.12786683816313282,-3.7933744574663426,-1.742905913694141,0.3055555555555556,-0.6337423111049261,0.05632655810304965,0.03312429186550215,-0.09427732615101872,0.10355289492961199,0.0006587578449084113,2.0,-0.1890329581085821,0.01865799429883331,0.1525777120817836,0.05755296142662368,0.0017646101011545622,2.0
D2_slope_S_adv,H3,MID,83,0.00337643284799115,0.016232781115382545,0.1475569462579637,0.04239170941675385,0.5301204819277109,-0.5629729914017493,36,0.007168818383244186,0.009735410477650253,0.18810392815178206,0.10520092007965996,0.5277777777777778,-0.4403111557690217,,,,,,9.734939759036145,,,,,,10.944444444444445
D3_SPY_timing_long,H3,MID,83,-0.016946133366917436,0.0,-1.1835096631115565,-0.34819380094498353,0.14457831325301204,-0.5388901231726799,36,-0.02378982300512282,0.0,-1.9470591501645291,-1.0460086966835322,0.0,-0.30507952689851353,-0.06323052078922178,0.001087850244654974,0.05621253326628215,0.008586776533456126,0.0002535190658667151,0.3373493975903614,-0.032277309157165555,0.00018919300355114494,0.011009294192905028,0.0021071703685138173,0.0002254446687973352,0.1111111111111111
D3_SPY_always_long,H3,MID,83,-0.055555514219128,-0.11547412286398295,-1.619978015041046,-0.5974041332229942,0.3253012048192771,-0.7071438130165687,36,-0.10265845233489862,-0.14513404291293258,-2.664747585066486,-1.5265529754152467,0.2777777777777778,-0.46204554550670845,0.02968840897767719,0.003905151564961484,-0.05228859570666308,0.028391418080272183,0.0006587578449084113,1.0,-0.09163268431929776,0.0016255682136024079,0.010406406563559813,0.01804199626440375,0.0017646101011545626,1.0
D1_LS_S_ew,H3,C25,83,-0.1940235576351909,-0.19044409182133978,-6.241685600945468,-2.0988480339343734,0.25301204819277107,-0.778612965817841,36,-0.21844734890131995,-0.24395742193739342,-4.795990542556296,-2.7381559966486977,0.25,-0.8838382050475556,0.051168743526326,0.08449817756391514,-0.058490937177419634,0.10154442857527372,0.0006587578449084113,1.0,-0.19456239505760234,0.05965348868365905,0.09929942118618777,0.061766276245091775,0.0017646101011545622,1.0
D1_L_top1_S_ew,H3,C25,83,-0.08985364518986284,-0.13886210860711987,-2.2983212274555647,-0.8577648361987236,0.2891566265060241,-0.8526108926070919,36,-0.161976122523328,-0.13424067741599355,-3.414577487599443,-2.3230774955345,0.25,-0.6484130782014633,0.05315968812820155,0.03212050148576573,-0.06443808111870006,0.04579599286869019,0.0006587578449084113,1.0,-0.05806637407175799,0.03305232825293476,-0.039182721045547424,0.02991008905193327,0.0017646101011545622,1.0
D1_2v2_S_ew,H3,C25,83,-0.21095136846122994,-0.22874089903807437,-7.746926745721841,-3.249149785642139,0.1566265060240964,-0.6778352271699868,36,-0.12178149498272045,-0.17266552740748697,-4.502228772261135,-2.4192847574550767,0.2777777777777778,-0.40696305885166195,0.001630371556228263,0.07633523482073921,-0.03335384160450829,0.10223390574730233,0.0006587578449084113,2.0,-0.05992691841195416,0.05424945002219523,0.05242844993017283,0.058268966377589305,0.0017646101011545622,2.0
D2_slope_S_ew,H3,C25,83,0.02462092075962996,0.031013466679181933,0.947345287556668,0.2926282241551884,0.5421686746987951,-0.7787457811487346,36,0.018079502524215453,-0.003326489391057392,0.5442043167766947,0.3272363250367308,0.5,-0.3012810908990218,,,,,,9.734939759036145,,,,,,10.944444444444445
D1_LS_S_adv,H3,C25,83,-0.22654354937649843,-0.22257547983529033,-7.156711096479699,-2.259688631131399,0.26506024096385544,-1.0463100781051935,36,-0.12706307416373633,-0.11005376976605846,-2.9041731691378874,-1.5334678015323304,0.3611111111111111,-0.5861389024398428,-0.03955500907760312,0.08938562048331349,0.007289286503796205,0.10423344847446964,0.0006587578449084113,1.0,-0.29057568041024673,0.060041310430056144,0.28350286183452256,0.058184335056801526,0.0017646101011545622,1.0
D1_L_top1_S_adv,H3,C25,83,-0.09896184069868326,-0.15644984725971656,-2.3580069781654474,-0.8796162184370013,0.2891566265060241,-0.7990515940426142,36,-0.09569209885329212,-0.13895675525911846,-1.832350106744186,-1.1645251516872726,0.3333333333333333,-0.6468789441830524,0.07995153233634782,0.03623424109781813,-0.09375577113785477,0.04826460295444972,0.0006587578449084113,1.0,-0.17943363189905676,0.028614374233592397,0.13969326804613152,0.02557275066561994,0.0017646101011545622,1.0
D1_2v2_S_adv,H3,C25,83,-0.22239060228421786,-0.21885022551759398,-11.540651622215897,-3.5165412010924473,0.13253012048192772,-0.8023939020203517,36,-0.14940306807975184,-0.15500423737055297,-5.044467504858108,-2.275666623522603,0.25,-0.6661005679937717,0.05632655810304965,0.0802281814617284,-0.09427732615101872,0.10355289492961199,0.0006587578449084113,2.0,-0.1890329581085821,0.05363025052517508,0.1525777120817836,0.05755296142662368,0.0017646101011545622,2.0
D2_slope_S_adv,H3,C25,83,0.014787412369288586,0.010507267640338006,0.65392045015735,0.18405258184645612,0.5301204819277109,-0.5729213092161434,36,0.012332850920270581,0.015342337809139898,0.3259571595738977,0.18386013578420796,0.5277777777777778,-0.4247966506907559,,,,,,9.734939759036145,,,,,,10.944444444444445
D3_SPY_timing_long,H3,C25,83,-0.01861966660815241,0.0,-1.3114659065058114,-0.3842798918100231,0.14457831325301204,-0.5415758886158314,36,-0.02437618046603894,0.0,-1.9647440217262386,-1.0533865144008028,0.0,-0.3151075119731404,-0.06323052078922178,0.002761383485889943,0.05621253326628215,0.008586776533456126,0.0002535190658667151,0.3373493975903614,-0.032277309157165555,0.0007755504644672624,0.011009294192905028,0.0021071703685138173,0.0002254446687973352,0.1111111111111111
D3_SPY_always_long,H3,C25,83,-0.06075477950967826,-0.12168684652203442,-1.777917606333545,-0.6572839586746281,0.3253012048192771,-0.7088966613951839,36,-0.10883297792018809,-0.14673926461779324,-2.8390527412226163,-1.6217279629375871,0.2777777777777778,-0.4639770201456068,0.02968840897767719,0.009104416855511745,-0.05228859570666308,0.028391418080272183,0.0006587578449084113,1.0,-0.09163268431929776,0.0078000937988918695,0.010406406563559813,0.01804199626440375,0.0017646101011545626,1.0
D1_LS_S_ew,H3,C50,83,-0.24533681687242695,-0.2272424527876959,-7.600251625329517,-2.574414169239642,0.1927710843373494,-0.8599326511811457,36,-0.2561375851968858,-0.2775248139030014,-5.449735304395149,-3.1050152336477574,0.19444444444444445,-0.9449136549010311,0.051168743526326,0.13581143680115118,-0.058490937177419634,0.10154442857527372,0.0006587578449084113,1.0,-0.19456239505760234,0.09734372497922483,0.09929942118618777,0.061766276245091775,0.0017646101011545622,1.0
D1_L_top1_S_ew,H3,C50,83,-0.10685198432371827,-0.16215403407295792,-2.7521304547006644,-1.0223702144464888,0.27710843373493976,-0.8617349801983327,36,-0.18243639950468465,-0.16018471483336696,-3.9503746538429594,-2.6465054632825984,0.16666666666666666,-0.655030725260287,0.05315968812820155,0.04911884061962115,-0.06443808111870006,0.04579599286869019,0.0006587578449084113,1.0,-0.05806637407175799,0.0535126052342914,-0.039182721045547424,0.02991008905193327,0.0017646101011545622,1.0
D1_2v2_S_ew,H3,C50,83,-0.2527777403178442,-0.2741966411135892,-9.169733637913438,-3.852230112384138,0.10843373493975904,-0.7113276349013029,36,-0.1573469579407644,-0.20801705439263699,-5.8023573744173,-3.0592261558808835,0.25,-0.4363542172089405,0.001630371556228263,0.1181616066773535,-0.03335384160450829,0.10223390574730233,0.0006587578449084113,2.0,-0.05992691841195416,0.08981491298023919,0.05242844993017283,0.058268966377589305,0.0017646101011545622,2.0
D2_slope_S_ew,H3,C50,83,0.03154755286231032,0.027719335855812943,1.205126975698073,0.3673129191314878,0.5421686746987951,-0.7059548511502322,36,0.019353821453836108,0.004155875755204862,0.5839215650314169,0.35501676913971775,0.5277777777777778,-0.30836427752020557,,,,,,9.734939759036145,,,,,,10.944444444444445
D1_LS_S_adv,H3,C50,83,-0.2808251806509003,-0.2664101371931404,-8.413594861990173,-2.6053112415176636,0.21686746987951808,-1.4659695487780549,36,-0.16687175295350543,-0.13595303238083445,-3.8355650533637955,-1.9804975975275643,0.3333333333333333,-0.6224278673517593,-0.03955500907760312,0.14366725175771533,0.007289286503796205,0.10423344847446964,0.0006587578449084113,1.0,-0.29057568041024673,0.09984998921982521,0.28350286183452256,0.058184335056801526,0.0017646101011545622,1.0
D1_L_top1_S_adv,H3,C50,83,-0.11857224799190717,-0.1722533817076353,-3.0409543305128426,-1.121164633011088,0.27710843373493976,-0.8068640940426142,36,-0.1141588203213043,-0.15690400296554047,-2.217989576832928,-1.3852300252422662,0.3333333333333333,-0.6727410131485696,0.07995153233634782,0.055844648391042084,-0.09375577113785477,0.04826460295444972,0.0006587578449084113,1.0,-0.17943363189905676,0.04708109570160459,0.13969326804613152,0.02557275066561994,0.0017646101011545622,1.0
D1_2v2_S_adv,H3,C50,83,-0.26949449188044416,-0.25982430622856806,-13.41981158819813,-4.134630455670761,0.10843373493975904,-0.8458755471392325,36,-0.1843753243060936,-0.1997777498537024,-6.3202801433948,-2.8018561853988997,0.2222222222222222,-0.6984588248826173,0.05632655810304965,0.12733207105795466,-0.09427732615101872,0.10355289492961199,0.0006587578449084113,2.0,-0.1890329581085821,0.08860250675151682,0.1525777120817836,0.05755296142662368,0.0017646101011545622,2.0
D2_slope_S_adv,H3,C50,83,0.02619839189058605,0.026320016096992093,1.1324096442554872,0.3189514068080916,0.5662650602409639,-0.5828696270305379,36,0.01749688345729695,0.020949265140629676,0.464792426830754,0.26455734498770955,0.5277777777777778,-0.4092821456124902,,,,,,9.734939759036145,,,,,,10.944444444444445
D3_SPY_timing_long,H3,C50,83,-0.02029319984938734,0.0,-1.4392861990255905,-0.4202984885647195,0.13253012048192772,-0.5442616540589825,36,-0.02496253792695506,0.0,-1.981218496430334,-1.0601447389081373,0.0,-0.32513549704776734,-0.06323052078922178,0.004434916727124875,0.05621253326628215,0.008586776533456126,0.0002535190658667151,0.3373493975903614,-0.032277309157165555,0.0013619079253833848,0.011009294192905028,0.0021071703685138173,0.0002254446687973352,0.1111111111111111
D3_SPY_always_long,H3,C50,83,-0.06595404480022847,-0.12789957018008624,-1.936248258353451,-0.7176584947628432,0.3132530120481928,-0.7106495097737993,36,-0.11500750350547756,-0.14834448632265385,-3.0125082014214346,-1.7159928234006525,0.2777777777777778,-0.4659084947845049,0.02968840897767719,0.01430368214606195,-0.05228859570666308,0.028391418080272183,0.0006587578449084113,1.0,-0.09163268431929776,0.013974619384181331,0.010406406563559813,0.01804199626440375,0.0017646101011545626,1.0
D1_LS_S_ew,H3,C100,83,-0.3479633353468991,-0.27632268000278604,-8.861775692563882,-3.165921182328669,0.18072289156626506,-1.2765338336312502,36,-0.3315180577880173,-0.33757525318031456,-6.408356537661995,-3.6783848455513906,0.19444444444444445,-1.067064554607982,0.051168743526326,0.2384379552756233,-0.058490937177419634,0.10154442857527372,0.0006587578449084113,1.0,-0.19456239505760234,0.17272419757035637,0.09929942118618777,0.061766276245091775,0.0017646101011545622,1.0
D1_L_top1_S_ew,H3,C100,83,-0.14084866259142914,-0.19382694959363786,-3.633899554885053,-1.3346346419981387,0.24096385542168675,-1.150224925547997,36,-0.22335695346739792,-0.2446861692871631,-4.971903431519582,-3.236046968406991,0.1388888888888889,-0.6682660193779342,0.05315968812820155,0.08311551888733204,-0.06443808111870006,0.04579599286869019,0.0006587578449084113,1.0,-0.05806637407175799,0.09443315919700464,-0.039182721045547424,0.02991008905193327,0.0017646101011545622,1.0
D1_2v2_S_ew,H3,C100,83,-0.33643048403107284,-0.3442894717362441,-11.509424870877268,-4.808813633798657,0.08433734939759036,-0.9113958072648511,36,-0.22847788385685228,-0.2754730435857996,-8.051476355074207,-4.141450070893897,0.16666666666666666,-0.510850408835032,0.001630371556228263,0.20181435039058213,-0.03335384160450829,0.10223390574730233,0.0006587578449084113,2.0,-0.05992691841195416,0.16094583889632708,0.05242844993017283,0.058268966377589305,0.0017646101011545622,2.0
D2_slope_S_ew,H3,C100,83,0.045400817067670955,0.03154452742889067,1.6610545743854288,0.49141221262307905,0.5421686746987951,-0.5603729911532324,36,0.02190245931307753,0.01437740963708085,0.6570895713604555,0.4072900181296666,0.5555555555555556,-0.3225306507625731,,,,,,9.734939759036145,,,,,,10.944444444444445
D1_LS_S_adv,H3,C100,83,-0.3893884431997039,-0.32137628196416823,-9.63215962161098,-2.9619956310000157,0.18072289156626506,-2.305288490123774,36,-0.2464891105330435,-0.22305958345353072,-5.636394722191379,-2.803675794899269,0.1388888888888889,-0.6950057971755919,-0.03955500907760312,0.252230514306519,0.007289286503796205,0.10423344847446964,0.0006587578449084113,1.0,-0.29057568041024673,0.17946734679936338,0.28350286183452256,0.058184335056801526,0.0017646101011545622,1.0
D1_L_top1_S_adv,H3,C100,83,-0.15779306257835513,-0.22951595154003737,-4.617344981433512,-1.6540914720176403,0.2289156626506024,-0.8224890940426142,36,-0.15109226325732866,-0.19279849837838456,-3.0172442820973937,-1.8155853747211308,0.3055555555555556,-0.724465151079604,0.07995153233634782,0.09506546297748998,-0.09375577113785477,0.04826460295444972,0.0006587578449084113,1.0,-0.17943363189905676,0.08401453863762894,0.13969326804613152,0.02557275066561994,0.0017646101011545622,1.0
D1_2v2_S_adv,H3,C100,83,-0.36370227107289677,-0.3252404647862729,-15.201640145066301,-4.925290316103422,0.07228915662650602,-1.0953159940117942,36,-0.2543198367587771,-0.273483433175093,-8.889030713844077,-3.82039818655006,0.16666666666666666,-0.7631753386603086,0.05632655810304965,0.22153985025040718,-0.09427732615101872,0.10355289492961199,0.0006587578449084113,2.0,-0.1890329581085821,0.1585470192042004,0.1525777120817836,0.05755296142662368,0.0017646101011545622,2.0
D2_slope_S_adv,H3,C100,83,0.04902035093318094,0.04878732671898659,1.8645124456307054,0.5524975861783292,0.5903614457831325,-0.642968391026348,36,0.027824948531349772,0.0321631198036092,0.7416418314056399,0.4303715171165938,0.5555555555555556,-0.3782531354559584,,,,,,9.734939759036145,,,,,,10.944444444444445
D3_SPY_timing_long,H3,C100,83,-0.023640266331857254,0.0,-1.6917826384232701,-0.4917105082291683,0.12048192771084337,-0.5496331849452851,36,-0.0261352528487873,0.0,-2.0108081544034473,-1.071972537401805,0.0,-0.3451914671970211,-0.06323052078922178,0.0077819832095947904,0.05621253326628215,0.008586776533456126,0.0002535190658667151,0.3373493975903614,-0.032277309157165555,0.00253462284721562,0.011009294192905028,0.0021071703685138173,0.0002254446687973352,0.1111111111111111
D3_SPY_always_long,H3,C100,83,-0.07635257538132897,-0.14252511233799295,-2.2533329561799045,-0.8396636308843702,0.2891566265060241,-0.7141552065310296,36,-0.12735655467605644,-0.1515549297323749,-3.354897228137976,-1.9009018129352941,0.25,-0.46977144406230137,0.02968840897767719,0.024702212727162456,-0.05228859570666308,0.028391418080272183,0.0006587578449084113,1.0,-0.09163268431929776,0.02632367055476019,0.010406406563559813,0.01804199626440375,0.0017646101011545626,1.0
