family,hedge,verdict,DISC_C50_mean,DISC_C50_t,VAL_C50_mean,VAL_C50_t,DISC_n_months,DISC_n_pos,cost_share_of_gross_DISC,DISC_GROSS_mean,DISC_GROSS_t,VAL_GROSS_mean,DISC_MID_mean,DISC_MID_t,VAL_MID_mean,DISC_C100_mean,DISC_C100_t,VAL_C100_mean,mid_only
D1_LS_S_ew,H0,FAIL,-0.0853014511197336,-0.947751208555042,-0.2936707301379817,-1.865229296359277,83,1.0,2.654187448071242,0.0505099856814176,0.5946480315510311,-0.1963270051587569,0.0173250673547384,0.2024873933297093,-0.2182902575468501,-0.1879279695942056,-1.9440037004825328,-0.3690512027291134,False
D1_L_top1_S_ew,H0,FAIL,0.003382089663672,0.0219159670221656,-0.1133435894072039,-0.9154048884085846,83,1.0,0.9239866212375932,0.0525009302832931,0.3418609791399314,-0.0598309841729125,0.0373787679313828,0.2427095182860583,-0.0724230354444907,-0.0306145886040388,-0.1977759691303446,-0.1542641433699172,False
D1_2v2_S_ew,H0,FAIL,-0.1171899929660336,-1.891361930498643,-0.1515064414933479,-1.4468788968550044,83,2.0,72.47526260254178,0.0009716137113198,0.0162214861051897,-0.0616915285131087,-0.033537249252805,-0.5580694789570945,-0.0803755155772599,-0.2008427366792622,-3.120041204625581,-0.2226373674094357,False
D2_slope_S_ew,H1,FAIL,0.0478786839319479,0.6372033458247655,-0.1132094002103,-0.7666937128758593,83,9.734939759036145,,0.0210712387925697,0.2793048252336991,-0.1246562943120925,0.0340254197265872,0.4492009480505635,-0.1157580380695412,0.0617319481373084,0.8241692901983705,-0.1106607623510585,False
D1_LS_S_adv,H0,FAIL,-0.1838810186802268,-2.087617897371145,-0.3921902797312265,-4.369770609176741,83,1.0,,-0.0402137669225115,-0.4754370223707186,-0.2923402905114012,-0.0753177561314232,-0.8850746546549982,-0.3125729221516883,-0.2924442812290305,-3.140753177420577,-0.4718076373107645,False
D1_L_top1_S_adv,H0,FAIL,0.0234481261003973,0.1505556913142818,-0.2282793377018158,-2.0897221642974766,83,1.0,0.6984812768329363,0.0792927744914394,0.4850237243705334,-0.1811982420002113,0.0626689406868452,0.3842061611409069,-0.1913458947657916,-0.0157726884860506,-0.1061486386963805,-0.2652127806378403,False
D1_2v2_S_adv,H0,FAIL,-0.0716642707998134,-1.322484625587699,-0.2794000749612534,-3.9007244164231056,83,2.0,2.2606045060484647,0.0556678002581412,1.0343104277139392,-0.1907975682097366,0.022543508392639,0.4166111452105601,-0.20945556250857,-0.1658720499922659,-2.986290923560332,-0.3493445874139371,False
D2_slope_S_adv,H1,FAIL,0.0807529844792849,1.446395324344362,-0.1915227272462202,-1.6994675406376103,83,9.734939759036145,,0.0383089261434789,0.7152240134813747,-0.2143035012240755,0.0579310254366899,1.0593560889764484,-0.2018507923202729,0.1035749435218797,1.7794413126393998,-0.1811946621721673,False
D3_SPY_timing_long,H3,FAIL,-0.0202931998493873,-1.4392861990255903,-0.024962537926955,-1.981218496430334,83,0.3373493975903614,,-0.0072715065888063,-0.4979878653205142,-0.0214934596330578,-0.0169461333669174,-1.1835096631115565,-0.0237898230051228,-0.0236402663318572,-1.69178263842327,-0.0261352528487873,False
D3_SPY_always_long,H0,FAIL,0.0147259689867068,0.1212526978497578,-0.1073719138046336,-1.0697047682789125,83,1.0,0.48179348906224406,0.0290296511327687,0.2388958060864114,-0.0933972944204522,0.0251244995678072,0.2066459687893684,-0.0950228626340546,0.0043274384056063,0.0356667301782531,-0.1197209649752124,False
