X,opt,cost,hedge,hcost,fin,tot,n,family
2017-01-20,-0.6232877347160086,C50,H1,0.007802832983405856,0.0004449268306627584,-0.666743056791823,4.0,E1_k1.0
2017-02-17,-0.07397035440074315,C50,H1,0.004281438655346629,0.00035281446598480805,-0.1302457345629184,7.0,E1_k1.0
2017-03-17,-0.14813542735953739,C50,H1,0.005506084596209649,0.0003834881028726997,-0.2044629293408931,10.0,E1_k1.0
2017-04-21,-0.13155762636282536,C50,H1,0.006615000289692553,0.000682161166913934,-0.1751105632386988,10.0,E1_k1.0
2017-05-19,-0.18400167320120303,C50,H1,0.0034547396781305253,0.0005521762897323078,-0.21996260949372065,7.0,E1_k1.0
2017-06-16,-0.4540879388718842,C50,H1,0.007108705566470204,0.0005445092621676632,-0.4936600289834088,6.0,E1_k1.0
2017-07-21,0.04349411278348541,C50,H1,0.00561138180563421,0.0008288726488382875,-0.022552246466225726,7.0,E1_k1.0
2017-08-18,-0.1455223779738608,C50,H1,0.0037169279722485678,0.0007668291989938939,-0.1666832824359861,6.0,E1_k1.0
2017-09-15,-0.27619680548794284,C50,H1,0.008649385459307078,0.0007438328767618429,-0.3853090278812335,5.0,E1_k1.0
2017-10-20,0.10955451010984904,C50,H1,0.006140507001763882,0.0009447814896041252,-0.0011374110725455194,13.0,E1_k1.0
2017-11-17,0.30468970043372384,C50,H1,0.0046880476534974505,0.0007591638170087086,0.24620909592859538,12.0,E1_k1.0
2017-12-15,0.06809559627114076,C50,H1,0.004597077808216538,0.0008281501396763387,0.055640284331193696,13.0,E1_k1.0
2018-01-19,-0.4392537148335239,C50,H1,0.005892570073809585,0.0011938301058899226,-0.35824307333531624,2.0,E1_k1.0
2018-02-16,0.0916520631939727,C50,H1,0.0032662379386152822,0.0009814360422720457,0.1828479884667571,9.0,E1_k1.0
2018-03-16,0.03139842010402514,C50,H1,0.006376502586578808,0.0010350805575985035,0.0046418848967406294,3.0,E1_k1.0
2018-04-20,-0.8151626229088396,C50,H1,0.0061018221153454925,0.001643876031333052,-0.8269624909715206,3.0,E1_k1.0
2018-05-18,-0.4992676896400276,C50,H1,0.00316421533721598,0.0012649530341183695,-0.5217510332335785,3.0,E1_k1.0
2018-06-15,-0.4207317073170733,C50,H1,0.004205010406199448,0.0012879373757630137,-0.5438268735213132,2.0,E1_k1.0
2018-07-20,-0.5808121676814438,C50,H1,0.005768045282892266,0.001753099745416475,-0.5776601471618339,4.0,E1_k1.0
2018-08-17,-0.08314375667886849,C50,H1,0.0045784291939303294,0.0014258323328565138,-0.09566830046365671,7.0,E1_k1.0
2018-09-21,-0.2555285960223063,C50,H1,0.004725427803082299,0.0018759621655847843,-0.2794692333126051,7.0,E1_k1.0
2018-10-19,1.121540564245068,C50,H1,0.006332397394525258,0.0015713674949008889,0.8591320373255209,5.0,E1_k1.0
2018-11-16,-0.28245393866268803,C50,H1,0.0035866073138647965,0.0016785903785551878,-0.34243621861214096,5.0,E1_k1.0
2018-12-21,0.4144339381210023,C50,H1,0.0035027095759753222,0.0021287005951963005,0.4235891640958892,13.0,E1_k1.0
2019-01-18,0.3986602775148535,C50,H1,0.0038207108941955862,0.0018470602567582882,0.2745052788341829,21.0,E1_k1.0
2019-02-15,0.0024273040175884384,C50,H1,0.0034399260615768134,0.0018394031507177244,-0.10105644729962138,15.0,E1_k1.0
2019-03-15,-0.34552283751617385,C50,H1,0.00525289308962997,0.0018623742929478435,-0.4420228130713234,15.0,E1_k1.0
2019-04-18,-0.1248717807368941,C50,H1,0.00492326436433275,0.0022882759236762563,-0.15383873537343717,17.0,E1_k1.0
2019-05-17,0.1815999553035996,C50,H1,0.004014183034675377,0.0019367534186992628,0.1915558751677779,25.0,E1_k1.0
2019-06-21,-0.11461605731043122,C50,H1,0.0036893803558672566,0.002289158697708422,-0.16687371287438882,24.0,E1_k1.0
2019-07-19,-0.3895399944494723,C50,H1,0.0050466623769144115,0.001655615014162162,-0.4543498102485915,14.0,E1_k1.0
2019-08-16,0.4846498281323837,C50,H1,0.0038484145187525883,0.0016173215670962583,0.4206956641182589,26.0,E1_k1.0
2019-09-20,-0.15345237889241478,C50,H1,0.004100239801806739,0.0019497037508964211,-0.2475372522686804,24.0,E1_k1.0
2019-10-18,-0.22029185834144535,C50,H1,0.004782050007787929,0.0014947726814265236,-0.23715554413008053,21.0,E1_k1.0
2019-11-15,0.17863790529580298,C50,H1,0.002680451265009946,0.0013415654519343013,0.0741966268798312,33.0,E1_k1.0
2019-12-20,-0.2299683378757956,C50,H1,0.004022021783268814,0.0015219268418867453,-0.2998030550383657,37.0,E1_k1.0
2020-01-17,0.014051225042671653,C50,H1,0.0040603768406033474,0.0012036588735719622,-0.022518981652486916,14.0,E1_k1.0
2020-02-21,-0.15554412818531385,C50,H1,0.00482878633876823,0.0014771927161285638,-0.1984523888589099,19.0,E1_k1.0
2020-03-20,3.9775798455673206,C50,H1,0.0029208550808771916,0.001226644624049518,3.8746828183486173,18.0,E1_k1.0
2020-04-17,0.6972211276840626,C50,H1,0.0015339949168066247,3.068446073396892e-05,0.4038469808224076,6.0,E1_k1.0
2020-05-15,-0.3283014399663896,C50,H1,0.0029582299826181185,9.205055773795959e-05,-0.3601078604260834,11.0,E1_k1.0
2020-06-19,0.03121434593826785,C50,H1,0.0026180315602389523,8.865540078205085e-05,-0.09085341563382418,39.0,E1_k1.0
2020-07-17,-0.5072866969700953,C50,H1,0.002944672944456594,9.972105508756644e-05,-0.5657846207687357,43.0,E1_k1.0
2020-08-21,-0.23456794527462546,C50,H1,0.0026577552421171617,0.0001054738894885458,-0.3290086977217005,41.0,E1_k1.0
2020-09-18,0.023184643622555977,C50,H1,0.003239085501204453,5.369718841715904e-05,-0.029597747953100394,23.0,E1_k1.0
2020-10-16,0.26182183268266396,C50,H1,0.0030214302622666098,6.903871266364319e-05,0.18860412255820527,24.0,E1_k1.0
2020-11-20,-0.09683535046974501,C50,H1,0.002803741872756466,8.786948317704623e-05,-0.15726496167841267,53.0,E1_k1.0
2020-12-18,0.3286762085985267,C50,H1,0.0025253114942272114,6.903871266364319e-05,0.20447263640129956,30.0,E1_k1.0
2021-01-15,0.16293908264482498,C50,H1,0.0024947260716908365,6.136797996069687e-05,0.08889858171384836,29.0,E1_k1.0
2021-02-19,-0.0011393596128594211,C50,H1,0.0020693184170863118,7.749531290286715e-05,-0.10112296296681589,55.0,E1_k1.0
2021-03-19,0.13614713755161295,C50,H1,0.0028202601611444604,2.3013433819037518e-05,0.11825770820289767,37.0,E1_k1.0
2021-04-16,-0.39303400045790116,C50,H1,0.002851932083755852,7.671203452955882e-06,-0.40180333630858855,26.0,E1_k1.0
2021-05-21,-0.26291586802791,C50,H1,0.002530251887712324,1.9177898294713736e-05,-0.25390904671843334,42.0,E1_k1.0
2021-06-18,0.029644322220313792,C50,H1,0.0024722672941141885,0.0,-0.07336510062274429,39.0,E1_k1.0
2021-07-16,-0.15239519552027933,C50,H1,0.0031438611279277153,3.83554288046978e-05,-0.17130237404644708,50.0,E1_k1.0
2021-08-20,-0.12357192476983084,C50,H1,0.0029497932519910574,4.7944056144824406e-05,-0.16775917391299672,51.0,E1_k1.0
2021-09-17,-0.02838187044275893,C50,H1,0.0026159729691561107,3.068446073396892e-05,-0.08140859115734721,49.0,E1_k1.0
2021-10-15,-0.01225908325637343,C50,H1,0.0032804322169504904,4.602633803212692e-05,-0.05230142682052532,47.0,E1_k1.0
2021-11-19,0.4807856578396463,C50,H1,0.0024281757935582953,3.914138532461754e-05,0.4350101490875595,48.0,E1_k1.0
2021-12-17,0.23032521202745943,C50,H1,0.0025890036689191465,8.43800015513719e-05,0.23924595793246653,46.0,E1_k1.0
2022-01-21,0.1125853067222447,C50,H1,0.003387460620037205,3.0338637016715036e-05,0.06930692858100027,16.0,E1_k1.0
2022-02-18,-0.2571049059846189,C50,H1,0.003021237122555899,3.83554288046978e-05,-0.26263488470306084,12.0,E1_k1.0
2022-03-18,-0.2949846474657507,C50,H1,0.00303979188244572,2.3013433819037518e-05,-0.3675520751072211,8.0,E1_k1.0
2022-04-14,-0.1767566623820691,C50,H1,0.004390228607835297,0.00014053806926837966,-0.23341743509660678,10.0,E1_k1.0
2022-05-20,0.3400264726551186,C50,H1,0.002595918716092385,0.00040559480694172113,0.41654773044049276,12.0,E1_k1.0
2022-06-17,-0.19192432874558024,C50,H1,0.0024768782006729466,0.0004831709253593404,-0.16728971402621332,16.0,E1_k1.0
2022-07-15,-0.461957071297723,C50,H1,0.002231197577984243,0.000881802878360406,-0.5077651147388968,9.0,E1_k1.0
2022-08-19,-0.049456862151690206,C50,H1,0.002565520916936876,0.0019274249515802346,-0.09952554927343393,7.0,E1_k1.0
2022-09-16,-0.22683408784777673,C50,H1,0.003253793732013581,0.001709223376641927,-0.2475686902495282,12.0,E1_k1.0
2022-10-21,-0.32662700542032413,C50,H1,0.003459337253257707,0.0026073322894555376,-0.35505006916258663,16.0,E1_k1.0
2022-11-18,-0.01602672283849587,C50,H1,0.002741561762233897,0.0027195862418778463,-0.1044354203040623,14.0,E1_k1.0
2022-12-16,-0.10758847497205161,C50,H1,0.0020238748026472253,0.003010259140753049,-0.12183068470726402,11.0,E1_k1.0
2023-01-20,-0.015531981515338522,C50,H1,0.0028289099950602097,0.003799934804044326,-0.087809820430297,8.0,E1_k1.0
2023-02-17,-0.1640176760019233,C50,H1,0.004618824238646768,0.0035913515890308714,-0.19164657575061111,8.0,E1_k1.0
2023-03-17,0.24638159145297206,C50,H1,0.00398280757173185,0.003553132197708244,0.345605971547661,10.0,E1_k1.0
2023-04-21,-0.24946853604207817,C50,H1,0.004915292536018106,0.004140797491453196,-0.29495162078306486,6.0,E1_k1.0
2023-05-19,-0.29006428961378017,C50,H1,0.0038947675498144066,0.0025742181022739234,-0.2713874694888938,8.0,E1_k1.0
2023-06-16,0.14066514384566148,C50,H1,0.0021897919880857564,0.004301966136756154,0.06399985270296475,4.0,E1_k1.0
2023-07-21,-0.40608327432869107,C50,H1,0.004427943124667791,0.00496734138589593,-0.4885941013610614,5.0,E1_k1.0
2023-08-18,-0.03341906941335291,C50,H1,0.0031104206210455653,0.004156827859554624,-0.057813552188688666,10.0,E1_k1.0
2023-09-15,-0.38850322483651806,C50,H1,0.0009483054133299669,0.0042332190523420325,-0.40897007421021137,6.0,E1_k1.0
2023-10-20,0.556097611892634,C50,H1,0.0022170690505865236,0.005273561875663763,0.5403372694405314,4.0,E1_k1.0
2023-11-17,0.2273247744324299,C50,H1,0.0020578499918007193,0.00425613527227982,0.09930976231164575,14.0,E1_k1.0
2023-12-15,0.48008588564847104,C50,H1,0.0025588103410346084,0.004225580195660586,0.3616867234040446,5.0,E1_k1.0
2017-01-20,-0.6232877347160086,C50,H1,0.007802832983405856,0.0004449268306627584,-0.666743056791823,4.0,E1_k1.5
2017-02-17,-0.015601579044875746,C50,H1,0.004847457789792922,0.000352814465984808,-0.07446877892517755,6.0,E1_k1.5
2017-03-17,-0.14813542735953739,C50,H1,0.005506084596209649,0.0003834881028726997,-0.2044629293408931,10.0,E1_k1.5
2017-04-21,-0.005701765829292771,C50,H1,0.007185460813325453,0.000682161166913934,-0.043624304354114296,8.0,E1_k1.5
2017-05-19,-0.42533443722498293,C50,H1,0.0040271528753656445,0.0005521762897323078,-0.46164561827531303,6.0,E1_k1.5
2017-06-16,-0.3569803565782339,C50,H1,0.008321016748859475,0.0005445092621676632,-0.39787852646752037,5.0,E1_k1.5
2017-07-21,0.04349411278348541,C50,H1,0.00561138180563421,0.0008288726488382875,-0.022552246466225726,7.0,E1_k1.5
2017-08-18,-0.22202269283858178,C50,H1,0.003775170958996209,0.0007668291989938938,-0.2785017220869161,4.0,E1_k1.5
2017-09-15,-0.27619680548794284,C50,H1,0.008649385459307078,0.0007438328767618429,-0.3853090278812335,5.0,E1_k1.5
2017-10-20,0.10955451010984904,C50,H1,0.006140507001763882,0.0009447814896041252,-0.0011374110725455194,13.0,E1_k1.5
2017-11-17,0.8355742751401457,C50,H1,0.005623656277274224,0.0007591638170087085,0.7745108687593036,7.0,E1_k1.5
2017-12-15,0.07498773109685486,C50,H1,0.004002309921553728,0.0008281501396763387,0.08296549741780974,9.0,E1_k1.5
2018-01-19,-0.4392537148335239,C50,H1,0.005892570073809585,0.0011938301058899226,-0.35824307333531624,2.0,E1_k1.5
2018-02-16,0.19596161357312744,C50,H1,0.0030967622786119806,0.0009814360422720457,0.3019688601116655,8.0,E1_k1.5
2018-03-16,-0.08464840158999398,C50,H1,0.006367182894882638,0.0010350805575985037,-0.11171656234334212,2.0,E1_k1.5
2018-04-20,-0.8151626229088396,C50,H1,0.0061018221153454925,0.001643876031333052,-0.8269624909715206,3.0,E1_k1.5
2018-05-18,-0.4992676896400276,C50,H1,0.00316421533721598,0.0012649530341183695,-0.5217510332335785,3.0,E1_k1.5
2018-06-15,-0.4207317073170733,C50,H1,0.004205010406199448,0.0012879373757630137,-0.5438268735213132,2.0,E1_k1.5
2018-07-20,-0.5849950658906277,C50,H1,0.006141645640295436,0.001753099745416475,-0.6159516743367628,3.0,E1_k1.5
2018-08-17,-0.08314375667886849,C50,H1,0.0045784291939303294,0.0014258323328565138,-0.09566830046365671,7.0,E1_k1.5
2018-09-21,-0.2064832933928446,C50,H1,0.00548926023449421,0.0018759621655847843,-0.2188965151206891,5.0,E1_k1.5
2018-10-19,1.057863205306335,C50,H1,0.00637585584223131,0.001571367494900889,0.8390148084376173,4.0,E1_k1.5
2018-11-16,-0.28245393866268803,C50,H1,0.0035866073138647965,0.0016785903785551878,-0.34243621861214096,5.0,E1_k1.5
2018-12-21,0.4625717275153336,C50,H1,0.0038766534202796877,0.0021287005951963005,0.4827388112605726,9.0,E1_k1.5
2019-01-18,0.4422034018881542,C50,H1,0.0039686790945857205,0.0018470602567582882,0.31010352018250037,18.0,E1_k1.5
2019-02-15,0.14770416511648943,C50,H1,0.0034321879199131415,0.0018394031507177244,0.05070288068669332,12.0,E1_k1.5
2019-03-15,-0.40568465955374144,C50,H1,0.0054819897658935374,0.0018623742929478435,-0.49518213466499095,14.0,E1_k1.5
2019-04-18,-0.1248717807368941,C50,H1,0.00492326436433275,0.0022882759236762563,-0.15383873537343717,17.0,E1_k1.5
2019-05-17,0.18744436086089947,C50,H1,0.004094405202271499,0.0019367534186992628,0.19357126919592,22.0,E1_k1.5
2019-06-21,-0.19566969490800085,C50,H1,0.003691353274186204,0.002289158697708422,-0.24149409910152486,20.0,E1_k1.5
2019-07-19,-0.3895399944494723,C50,H1,0.0050466623769144115,0.001655615014162162,-0.4543498102485915,14.0,E1_k1.5
2019-08-16,0.4846498281323837,C50,H1,0.0038484145187525883,0.0016173215670962583,0.4206956641182589,26.0,E1_k1.5
2019-09-20,-0.15345237889241478,C50,H1,0.004100239801806739,0.0019497037508964211,-0.2475372522686804,24.0,E1_k1.5
2019-10-18,-0.2525830470031985,C50,H1,0.004821248349926156,0.0014947726814265236,-0.2762049867636929,20.0,E1_k1.5
2019-11-15,0.20210997062306893,C50,H1,0.0026992885223853496,0.001341565451934301,0.09108084018600711,31.0,E1_k1.5
2019-12-20,-0.21856052058903813,C50,H1,0.0037093400631349306,0.0015219268418867453,-0.28390085648267793,33.0,E1_k1.5
2020-01-17,-0.07788469714521307,C50,H1,0.004825112872872177,0.0012036588735719622,-0.11190788746304477,10.0,E1_k1.5
2020-02-21,-0.2617385406204692,C50,H1,0.004327179750081224,0.0014771927161285638,-0.3128027209283572,14.0,E1_k1.5
2020-03-20,3.8790243536905282,C50,H1,0.0031510957058272075,0.001226644624049518,3.9089259811785038,11.0,E1_k1.5
2020-04-17,1.2781671552086948,C50,H1,0.0012772244235391083,3.068446073396892e-05,0.8656205564830858,2.0,E1_k1.5
2020-05-15,-0.1805613660453955,C50,H1,0.0027244635880300594,9.20505577379596e-05,-0.21835888019339192,7.0,E1_k1.5
2020-06-19,0.15282300380417316,C50,H1,0.0026026676839570736,8.865540078205085e-05,0.027138015079502077,20.0,E1_k1.5
2020-07-17,-0.6261873314228107,C50,H1,0.0029770021619380336,9.972105508756644e-05,-0.667677418224192,24.0,E1_k1.5
2020-08-21,-0.24399366432581213,C50,H1,0.002691783903396207,0.0001054738894885458,-0.30346805616089606,20.0,E1_k1.5
2020-09-18,0.11894755241858632,C50,H1,0.003061160416583226,5.369718841715904e-05,0.05003745840320216,13.0,E1_k1.5
2020-10-16,0.25849907772025404,C50,H1,0.0029752133644620183,6.903871266364319e-05,0.19162184007065558,13.0,E1_k1.5
2020-11-20,-0.08244846792691111,C50,H1,0.0027034701339196227,8.786948317704623e-05,-0.1430575673803904,36.0,E1_k1.5
2020-12-18,0.3649835596557238,C50,H1,0.002375131613720873,6.903871266364319e-05,0.23444018781541873,19.0,E1_k1.5
2021-01-15,0.20393804594019632,C50,H1,0.0027612947974678787,6.136797996069687e-05,0.12834469488129932,25.0,E1_k1.5
2021-02-19,0.06490880290069656,C50,H1,0.002144989946386955,7.749531290286715e-05,-0.04757908798464297,47.0,E1_k1.5
2021-03-19,0.12593217843262652,C50,H1,0.00279571233518379,2.3013433819037518e-05,0.11245762146468409,30.0,E1_k1.5
2021-04-16,-0.3272511462224707,C50,H1,0.0033410576093834466,7.671203452955882e-06,-0.3395993861010231,17.0,E1_k1.5
2021-05-21,-0.256698649477113,C50,H1,0.0026189900649028794,1.9177898294713736e-05,-0.246424237083797,34.0,E1_k1.5
2021-06-18,-0.04411831959347026,C50,H1,0.0026081714665124535,0.0,-0.14883249700474402,30.0,E1_k1.5
2021-07-16,-0.18839633190361366,C50,H1,0.00321447583410415,3.83554288046978e-05,-0.20433395125911738,42.0,E1_k1.5
2021-08-20,-0.10465568482542159,C50,H1,0.003096262996386127,4.79440561448244e-05,-0.14138929863010422,44.0,E1_k1.5
2021-09-17,-0.11694930706267495,C50,H1,0.0025651353312794375,3.068446073396892e-05,-0.16372174484660415,39.0,E1_k1.5
2021-10-15,0.05399765902978611,C50,H1,0.003327248209830543,4.602633803212691e-05,0.010504953537002046,42.0,E1_k1.5
2021-11-19,0.5141327460654389,C50,H1,0.0024995376945628313,3.914138532461754e-05,0.47217103319665416,43.0,E1_k1.5
2021-12-17,0.1668984105773796,C50,H1,0.0027365064211714923,8.43800015513719e-05,0.16796869824160485,39.0,E1_k1.5
2022-01-21,-0.05779079665704402,C50,H1,0.0024280921992024976,3.0338637016715036e-05,-0.08789144252212176,14.0,E1_k1.5
2022-02-18,-0.1496032528995149,C50,H1,0.0022927480208950733,3.83554288046978e-05,-0.1167084200103965,7.0,E1_k1.5
2022-03-18,-0.4744608651615329,C50,H1,0.0039047079350994366,2.3013433819037518e-05,-0.5263865044280163,5.0,E1_k1.5
2022-04-14,0.12435760009788548,C50,H1,0.005047242229411059,0.00014053806926837966,0.06678035875232553,3.0,E1_k1.5
2022-05-20,0.47005681674567834,C50,H1,0.0025657564736823674,0.0004055948069417211,0.5605106654357181,10.0,E1_k1.5
2022-06-17,-0.16683690311095184,C50,H1,0.002102901866318111,0.0004831709253593404,-0.14058897219464306,10.0,E1_k1.5
2022-07-15,-0.7181027750161725,C50,H1,0.0019529691734897815,0.000881802878360406,-0.7567144611120715,7.0,E1_k1.5
2022-08-19,-0.17984354033018582,C50,H1,0.0016571542428671393,0.0019274249515802344,-0.16464104302545762,4.0,E1_k1.5
2022-09-16,-0.1493937881275648,C50,H1,0.003826433429883491,0.001709223376641927,-0.1764058748172973,9.0,E1_k1.5
2022-10-21,-0.39183235343322403,C50,H1,0.003840176332214166,0.0026073322894555376,-0.4128226094331433,12.0,E1_k1.5
2022-11-18,0.21871669774274177,C50,H1,0.0027695944365885633,0.002719586241877846,0.11951488479671207,9.0,E1_k1.5
2022-12-16,0.04923498098330977,C50,H1,0.002044726709556835,0.003010259140753049,-0.0026759219881998253,6.0,E1_k1.5
2023-01-20,-0.015531981515338522,C50,H1,0.0028289099950602097,0.003799934804044326,-0.087809820430297,8.0,E1_k1.5
2023-02-17,-0.1640176760019233,C50,H1,0.004618824238646768,0.0035913515890308714,-0.19164657575061111,8.0,E1_k1.5
2023-03-17,0.24638159145297206,C50,H1,0.00398280757173185,0.003553132197708244,0.345605971547661,10.0,E1_k1.5
2023-04-21,-0.24946853604207817,C50,H1,0.004915292536018106,0.004140797491453196,-0.29495162078306486,6.0,E1_k1.5
2023-05-19,-0.29006428961378017,C50,H1,0.0038947675498144066,0.0025742181022739234,-0.2713874694888938,8.0,E1_k1.5
2023-06-16,0.14066514384566148,C50,H1,0.0021897919880857564,0.004301966136756154,0.06399985270296475,4.0,E1_k1.5
2023-07-21,-0.40608327432869107,C50,H1,0.004427943124667791,0.00496734138589593,-0.4885941013610614,5.0,E1_k1.5
2023-08-18,-0.03341906941335291,C50,H1,0.0031104206210455653,0.004156827859554624,-0.057813552188688666,10.0,E1_k1.5
2023-09-15,-0.31335351350928475,C50,H1,0.000905599617704998,0.0042332190523420325,-0.33213592436887995,5.0,E1_k1.5
2023-10-20,0.556097611892634,C50,H1,0.0022170690505865236,0.005273561875663763,0.5403372694405314,4.0,E1_k1.5
2023-11-17,0.28364265648936243,C50,H1,0.0020686454096634534,0.00425613527227982,0.15102726680253206,13.0,E1_k1.5
2023-12-15,0.48008588564847104,C50,H1,0.0025588103410346084,0.004225580195660586,0.3616867234040446,5.0,E1_k1.5
2017-01-20,-0.6232877347160086,C50,H1,0.007802832983405856,0.0004449268306627584,-0.666743056791823,4.0,E1_k2.0
2017-02-17,-0.015601579044875746,C50,H1,0.004847457789792922,0.000352814465984808,-0.07446877892517755,6.0,E1_k2.0
2017-03-17,-0.18794771328337073,C50,H1,0.005742444371071126,0.0003834881028726997,-0.2478845631612316,9.0,E1_k2.0
2017-04-21,-0.005701765829292771,C50,H1,0.007185460813325453,0.000682161166913934,-0.043624304354114296,8.0,E1_k2.0
2017-05-19,-0.42533443722498293,C50,H1,0.0040271528753656445,0.0005521762897323078,-0.46164561827531303,6.0,E1_k2.0
2017-06-16,-0.333103273777091,C50,H1,0.005251086262816752,0.0005445092621676632,-0.35607423605675353,4.0,E1_k2.0
2017-07-21,0.04349411278348541,C50,H1,0.00561138180563421,0.0008288726488382875,-0.022552246466225726,7.0,E1_k2.0
2017-08-18,-0.22202269283858178,C50,H1,0.003775170958996209,0.0007668291989938938,-0.2785017220869161,4.0,E1_k2.0
2017-09-15,-0.29338317874815895,C50,H1,0.0096843589373596,0.0007438328767618429,-0.4050974804894958,4.0,E1_k2.0
2017-10-20,0.22699134407149363,C50,H1,0.0062140561789064104,0.0009447814896041253,0.09138016204071808,10.0,E1_k2.0
2017-11-17,0.8355742751401457,C50,H1,0.005623656277274224,0.0007591638170087085,0.7745108687593036,7.0,E1_k2.0
2017-12-15,-0.26880054241324186,C50,H1,0.0044709242903126995,0.0008281501396763387,-0.31721218778530946,7.0,E1_k2.0
2018-01-19,-0.4392537148335239,C50,H1,0.005892570073809585,0.0011938301058899226,-0.35824307333531624,2.0,E1_k2.0
2018-02-16,0.4245417042775035,C50,H1,0.003282589451018077,0.0009814360422720457,0.5914864829240878,5.0,E1_k2.0
2018-03-16,-0.08464840158999398,C50,H1,0.006367182894882638,0.0010350805575985037,-0.11171656234334212,2.0,E1_k2.0
2018-04-20,-0.8151626229088396,C50,H1,0.0061018221153454925,0.001643876031333052,-0.8269624909715206,3.0,E1_k2.0
2018-05-18,-0.4992676896400276,C50,H1,0.00316421533721598,0.0012649530341183695,-0.5217510332335785,3.0,E1_k2.0
2018-06-15,-0.4207317073170733,C50,H1,0.004205010406199448,0.0012879373757630137,-0.5438268735213132,2.0,E1_k2.0
2018-07-20,-0.5849950658906277,C50,H1,0.006141645640295436,0.001753099745416475,-0.6159516743367628,3.0,E1_k2.0
2018-08-17,-0.08314375667886849,C50,H1,0.0045784291939303294,0.0014258323328565138,-0.09566830046365671,7.0,E1_k2.0
2018-09-21,-0.2064832933928446,C50,H1,0.00548926023449421,0.0018759621655847843,-0.2188965151206891,5.0,E1_k2.0
2018-10-19,1.057863205306335,C50,H1,0.00637585584223131,0.001571367494900889,0.8390148084376173,4.0,E1_k2.0
2018-11-16,-0.18939339017918877,C50,H1,0.004219786033994184,0.0016785903785551876,-0.246687362092744,4.0,E1_k2.0
2018-12-21,0.5673566391736472,C50,H1,0.004408148921170614,0.0021287005951963005,0.5920557208344125,7.0,E1_k2.0
2019-01-18,0.49263727339881647,C50,H1,0.0038165906443218163,0.0018470602567582882,0.346812680591039,17.0,E1_k2.0
2019-02-15,0.21362149883912246,C50,H1,0.0032196575186504623,0.0018394031507177242,0.11982988734701787,10.0,E1_k2.0
2019-03-15,-0.3826329300688644,C50,H1,0.005709170916931731,0.0018623742929478435,-0.4552569720657687,13.0,E1_k2.0
2019-04-18,-0.1248717807368941,C50,H1,0.00492326436433275,0.0022882759236762563,-0.15383873537343717,17.0,E1_k2.0
2019-05-17,0.1634466310638371,C50,H1,0.004719919369372274,0.001936753418699263,0.19891533577197476,17.0,E1_k2.0
2019-06-21,-0.26347634011914506,C50,H1,0.0036665476913133517,0.002289158697708422,-0.2709820065171521,14.0,E1_k2.0
2019-07-19,-0.5077553046198308,C50,H1,0.004376949007107015,0.0016556150141621621,-0.55100469828109,11.0,E1_k2.0
2019-08-16,0.5686721410296806,C50,H1,0.00392898415263842,0.0016173215670962583,0.49619084670273267,22.0,E1_k2.0
2019-09-20,-0.189872505205815,C50,H1,0.003953176648997972,0.0019497037508964213,-0.2786420134400535,23.0,E1_k2.0
2019-10-18,-0.2164153573892372,C50,H1,0.005216459534437904,0.0014947726814265236,-0.23638059974416414,17.0,E1_k2.0
2019-11-15,0.007276681269195822,C50,H1,0.0026247400954643907,0.001341565451934301,-0.08582203871471883,26.0,E1_k2.0
2019-12-20,-0.17416108080707873,C50,H1,0.0038235066937884537,0.0015219268418867453,-0.23597368159712206,28.0,E1_k2.0
2020-01-17,0.1375228403263721,C50,H1,0.0033502692272806417,0.0012036588735719622,0.12052735989479312,6.0,E1_k2.0
2020-02-21,-0.5558598349886139,C50,H1,0.00339417050036459,0.0014771927161285638,-0.6105933002444639,8.0,E1_k2.0
2020-03-20,3.735364842744314,C50,H1,0.0032056948678952243,0.0012266446240495178,3.661643885535308,7.0,E1_k2.0
2020-04-17,0.0,C50,H1,0.0,0.0,0.0,0.0,E1_k2.0
2020-05-15,-0.578827800997455,C50,H1,0.0028205805438975147,9.205055773795958e-05,-0.6272731387848512,5.0,E1_k2.0
2020-06-19,0.11381388331651231,C50,H1,0.002536185237913037,8.865540078205085e-05,-0.006167165411491903,14.0,E1_k2.0
2020-07-17,-0.5952438623277632,C50,H1,0.002902465390316791,9.972105508756644e-05,-0.6394217329503582,18.0,E1_k2.0
2020-08-21,-0.21512181428149788,C50,H1,0.0027729422328479697,0.0001054738894885458,-0.290010145880233,15.0,E1_k2.0
2020-09-18,0.039649895839557574,C50,H1,0.0038051150266387107,5.369718841715904e-05,-0.010056760810971004,8.0,E1_k2.0
2020-10-16,0.16870397601494597,C50,H1,0.0028636943716909527,6.903871266364319e-05,0.1000480724461664,8.0,E1_k2.0
2020-11-20,-0.12547646717840158,C50,H1,0.0025369358137634678,8.786948317704623e-05,-0.17788658437764185,30.0,E1_k2.0
2020-12-18,0.5361686250456901,C50,H1,0.002069191018091156,6.903871266364319e-05,0.41746581869476457,12.0,E1_k2.0
2021-01-15,0.17911552801244948,C50,H1,0.0033328541047035454,6.136797996069687e-05,0.06974594496048843,15.0,E1_k2.0
2021-02-19,0.19428938274973456,C50,H1,0.0019706337355617646,7.749531290286715e-05,0.0749580496402019,29.0,E1_k2.0
2021-03-19,0.15779128415894245,C50,H1,0.002714269803272405,2.3013433819037518e-05,0.1443421895193871,28.0,E1_k2.0
2021-04-16,-0.23571585606177267,C50,H1,0.0046462481871199805,7.671203452955882e-06,-0.2055983047935365,9.0,E1_k2.0
2021-05-21,-0.33728878686276387,C50,H1,0.002819092589101608,1.9177898294713736e-05,-0.3179398873916764,25.0,E1_k2.0
2021-06-18,-0.0413112187194023,C50,H1,0.0026506914394919226,0.0,-0.1525845175173105,24.0,E1_k2.0
2021-07-16,-0.27243608034949457,C50,H1,0.0037548461909746654,3.83554288046978e-05,-0.29049955396017735,24.0,E1_k2.0
2021-08-20,-0.058879892907486395,C50,H1,0.0032397669790804893,4.79440561448244e-05,-0.09497459291757492,36.0,E1_k2.0
2021-09-17,-0.18914477459016124,C50,H1,0.002497157112083061,3.068446073396892e-05,-0.22414082136261204,31.0,E1_k2.0
2021-10-15,-0.057130596757524646,C50,H1,0.003516162082559001,4.602633803212691e-05,-0.11424533252240537,34.0,E1_k2.0
2021-11-19,0.44533355136747654,C50,H1,0.002661534894208654,3.914138532461754e-05,0.4201409012190419,31.0,E1_k2.0
2021-12-17,0.2446338480590549,C50,H1,0.002868604431522813,8.43800015513719e-05,0.24709565919026014,31.0,E1_k2.0
2022-01-21,-0.02387350437448778,C50,H1,0.0024451977439820644,3.0338637016715036e-05,-0.059440647015895194,13.0,E1_k2.0
2022-02-18,-0.21874441113170806,C50,H1,0.0027489769919983873,3.83554288046978e-05,-0.19434961911654236,5.0,E1_k2.0
2022-03-18,-0.4744608651615329,C50,H1,0.0039047079350994366,2.3013433819037518e-05,-0.5263865044280163,5.0,E1_k2.0
2022-04-14,0.12435760009788548,C50,H1,0.005047242229411059,0.00014053806926837966,0.06678035875232553,3.0,E1_k2.0
2022-05-20,0.5236955262296292,C50,H1,0.0028134296075052675,0.00040559480694172113,0.6216622117354196,8.0,E1_k2.0
2022-06-17,-0.16683690311095184,C50,H1,0.002102901866318111,0.0004831709253593404,-0.14058897219464306,10.0,E1_k2.0
2022-07-15,-0.7181027750161725,C50,H1,0.0019529691734897815,0.000881802878360406,-0.7567144611120715,7.0,E1_k2.0
2022-08-19,-0.17984354033018582,C50,H1,0.0016571542428671393,0.0019274249515802344,-0.16464104302545762,4.0,E1_k2.0
2022-09-16,-0.06743557116731994,C50,H1,0.0034614350130485944,0.001709223376641927,-0.10093063670594413,8.0,E1_k2.0
2022-10-21,-0.301910454073393,C50,H1,0.003602466964208518,0.0026073322894555376,-0.32715831258242895,10.0,E1_k2.0
2022-11-18,0.3199960757933446,C50,H1,0.0028004038658218182,0.0027195862418778463,0.21128681637630845,7.0,E1_k2.0
2022-12-16,-0.09689567645131318,C50,H1,0.0019380821341687087,0.0030102591407530485,-0.17444272148140125,5.0,E1_k2.0
2023-01-20,0.39891093285111046,C50,H1,0.003975182555054698,0.003799934804044326,0.3287869096715751,4.0,E1_k2.0
2023-02-17,-0.3227070539953867,C50,H1,0.004902785823699759,0.003591351589030871,-0.36985755653770475,6.0,E1_k2.0
2023-03-17,0.37137240980446706,C50,H1,0.0043310711457101815,0.0035531321977082444,0.4863589992714409,9.0,E1_k2.0
2023-04-21,-0.2879813631290977,C50,H1,0.005888446584538768,0.004140797491453197,-0.33527041854461986,5.0,E1_k2.0
2023-05-19,-0.11092316670959097,C50,H1,0.005710231027032246,0.0025742181022739234,-0.0815633861423822,4.0,E1_k2.0
2023-06-16,0.14066514384566148,C50,H1,0.0021897919880857564,0.004301966136756154,0.06399985270296475,4.0,E1_k2.0
2023-07-21,-0.3326040929108638,C50,H1,0.005184334796553352,0.00496734138589593,-0.4159518018178889,4.0,E1_k2.0
2023-08-18,0.0651903938196919,C50,H1,0.0047673200151631115,0.004156827859554624,0.06293286430824145,6.0,E1_k2.0
2023-09-15,-0.40452568505920167,C50,H1,0.0002806467525682123,0.0042332190523420325,-0.42914951338150464,3.0,E1_k2.0
2023-10-20,0.1098798440381707,C50,H1,0.0016498627400347284,0.005273561875663763,0.09415010513301589,2.0,E1_k2.0
2023-11-17,0.24245158248555024,C50,H1,0.00170422559060312,0.00425613527227982,0.13380580398925634,7.0,E1_k2.0
2023-12-15,0.5795545670620642,C50,H1,0.003342902462250745,0.004225580195660586,0.4714060823343442,3.0,E1_k2.0
2017-01-20,-0.6232877347160086,C50,H1,0.007802832983405856,0.0004449268306627584,-0.666743056791823,4.0,E1_k3.0
2017-02-17,0.10044054169437248,C50,H1,0.005815036340877747,0.00035281446598480805,0.03178059734243253,5.0,E1_k3.0
2017-03-17,-0.029575760562630855,C50,H1,0.006641271057904049,0.0003834881028726997,-0.10213137124752363,6.0,E1_k3.0
2017-04-21,0.036724254333763716,C50,H1,0.007147834688112836,0.000682161166913934,0.00397491426217651,5.0,E1_k3.0
2017-05-19,-0.42533443722498293,C50,H1,0.0040271528753656445,0.0005521762897323078,-0.46164561827531303,6.0,E1_k3.0
2017-06-16,-0.21226887322504856,C50,H1,0.008062788505598353,0.0005445092621676632,-0.27532374318070657,2.0,E1_k3.0
2017-07-21,0.029774223410089454,C50,H1,0.0050511463494949315,0.0008288726488382875,-0.03445730918793203,6.0,E1_k3.0
2017-08-18,-0.5977961432506887,C50,H1,0.006915283482685833,0.0007668291989938938,-0.6605047616077337,1.0,E1_k3.0
2017-09-15,-0.2819921297231374,C50,H1,0.009925915344599863,0.0007438328767618427,-0.4009986880339002,3.0,E1_k3.0
2017-10-20,0.45174939583476154,C50,H1,0.00819613148366254,0.000944781489604125,0.22033557146552257,5.0,E1_k3.0
2017-11-17,0.677572142964362,C50,H1,0.005488324890905601,0.0007591638170087085,0.711616789188362,5.0,E1_k3.0
2017-12-15,-0.02719966237807575,C50,H1,0.005310399889764785,0.0008281501396763387,-0.07042207775834378,4.0,E1_k3.0
2018-01-19,0.0,C50,H1,0.0,0.0,0.0,0.0,E1_k3.0
2018-02-16,0.49180395581570996,C50,H1,0.0024006363337124425,0.0009814360422720457,0.7482647773327262,2.0,E1_k3.0
2018-03-16,0.0,C50,H1,0.0,0.0,0.0,0.0,E1_k3.0
2018-04-20,0.0,C50,H1,0.0,0.0,0.0,0.0,E1_k3.0
2018-05-18,0.0,C50,H1,0.0,0.0,0.0,0.0,E1_k3.0
2018-06-15,-0.4207317073170733,C50,H1,0.004205010406199448,0.0012879373757630137,-0.5438268735213132,2.0,E1_k3.0
2018-07-20,-0.9590818363273452,C50,H1,0.005721693060706354,0.001753099745416475,-0.9888392268356537,1.0,E1_k3.0
2018-08-17,0.18214671227946694,C50,H1,0.005572873404635152,0.0014258323328565138,0.10564740958263864,4.0,E1_k3.0
2018-09-21,0.0,C50,H1,0.0,0.0,0.0,0.0,E1_k3.0
2018-10-19,0.0,C50,H1,0.0,0.0,0.0,0.0,E1_k3.0
2018-11-16,-0.23753665689149556,C50,H1,0.005105131511419239,0.0016785903785551876,-0.17115928536523167,1.0,E1_k3.0
2018-12-21,0.22608715448521266,C50,H1,0.005256079542128331,0.0021287005951963005,0.3861570680881679,2.0,E1_k3.0
2019-01-18,0.44609209387330784,C50,H1,0.004323260691550785,0.0018470602567582882,0.32157682497897755,10.0,E1_k3.0
2019-02-15,0.023331146039027608,C50,H1,0.0035978606084382477,0.0018394031507177244,-0.02699407923183485,7.0,E1_k3.0
2019-03-15,-0.3162565240460652,C50,H1,0.0054125862357190125,0.0018623742929478435,-0.384306495159819,9.0,E1_k3.0
2019-04-18,-0.17584060285840705,C50,H1,0.0049542446521490665,0.0022882759236762563,-0.20531862823871105,12.0,E1_k3.0
2019-05-17,0.009325323863559347,C50,H1,0.005555515755090706,0.0019367534186992628,0.04099758547825378,11.0,E1_k3.0
2019-06-21,-0.3152512977424465,C50,H1,0.003960923158362658,0.002289158697708422,-0.33681773293455347,11.0,E1_k3.0
2019-07-19,-0.4321037421819738,C50,H1,0.005508144100877983,0.001655615014162162,-0.4762263372697655,6.0,E1_k3.0
2019-08-16,0.47805467207636265,C50,H1,0.00460272470553652,0.0016173215670962583,0.40942276342079775,13.0,E1_k3.0
2019-09-20,-0.21242550336380134,C50,H1,0.0037855339292228373,0.0019497037508964211,-0.28613514882422364,18.0,E1_k3.0
2019-10-18,0.14442364003702332,C50,H1,0.004549699436908838,0.0014947726814265236,0.12047375274425168,9.0,E1_k3.0
2019-11-15,0.17077227157479474,C50,H1,0.0022675112092403957,0.001341565451934301,0.0799272669413347,13.0,E1_k3.0
2019-12-20,-0.14278454767682386,C50,H1,0.004466271078762464,0.0015219268418867453,-0.19887408924672254,20.0,E1_k3.0
2020-01-17,0.4554491262601401,C50,H1,0.0028498976840406975,0.0012036588735719622,0.46784616783067473,3.0,E1_k3.0
2020-02-21,-0.6620803042123519,C50,H1,0.004541456718574564,0.0014771927161285638,-0.6949832923982026,3.0,E1_k3.0
2020-03-20,5.241144177811244,C50,H1,0.005575495642309133,0.0012266446240495178,4.814030418551728,3.0,E1_k3.0
2020-04-17,0.0,C50,H1,0.0,0.0,0.0,0.0,E1_k3.0
2020-05-15,-0.45933051173528283,C50,H1,0.0007275382584052459,9.205055773795958e-05,-0.5181858165813381,1.0,E1_k3.0
2020-06-19,-0.31041283371497397,C50,H1,0.002578154050120891,8.865540078205087e-05,-0.37846390857045004,2.0,E1_k3.0
2020-07-17,-0.4314626396741368,C50,H1,0.0027229800969378083,9.972105508756644e-05,-0.4862413527277123,3.0,E1_k3.0
2020-08-21,-0.2508656960651793,C50,H1,0.002669228282812454,0.0001054738894885458,-0.3371410028777397,4.0,E1_k3.0
2020-09-18,0.13524380306751987,C50,H1,0.0034415831159341622,5.369718841715904e-05,0.11273890483706295,4.0,E1_k3.0
2020-10-16,0.06254792877338684,C50,H1,0.0019950044272823327,6.903871266364317e-05,0.019441140468627955,3.0,E1_k3.0
2020-11-20,-0.17055513860913257,C50,H1,0.0017935547456406874,8.786948317704623e-05,-0.21031266883698102,7.0,E1_k3.0
2020-12-18,0.4725068398740772,C50,H1,0.0017374053816239584,6.903871266364319e-05,0.4031481821342047,6.0,E1_k3.0
2021-01-15,0.3891908430247279,C50,H1,0.0027347131214490767,6.136797996069687e-05,0.23022144660825597,7.0,E1_k3.0
2021-02-19,0.41750985937092955,C50,H1,0.0018491898463338144,7.749531290286715e-05,0.25154290608092356,15.0,E1_k3.0
2021-03-19,0.2851591178592193,C50,H1,0.002080247597353858,2.3013433819037518e-05,0.29987764491119145,16.0,E1_k3.0
2021-04-16,-0.15457439664369477,C50,H1,0.005427702618731199,7.671203452955882e-06,-0.11732320254330869,6.0,E1_k3.0
2021-05-21,-0.4251871477514271,C50,H1,0.004137483924273344,1.9177898294713733e-05,-0.41401900455832386,11.0,E1_k3.0
2021-06-18,-0.11866007731825524,C50,H1,0.0027724538969649652,0.0,-0.22156505694364284,12.0,E1_k3.0
2021-07-16,-0.25648491458783046,C50,H1,0.005313882782669804,3.83554288046978e-05,-0.2680086739076908,13.0,E1_k3.0
2021-08-20,-0.12196550042207792,C50,H1,0.0037029506106347437,4.79440561448244e-05,-0.152717101305261,21.0,E1_k3.0
2021-09-17,-0.3353755286799703,C50,H1,0.0031676031434270486,3.068446073396892e-05,-0.37746882291217254,14.0,E1_k3.0
2021-10-15,-0.04386267104417044,C50,H1,0.004180209815002325,4.602633803212691e-05,-0.08853197266498425,19.0,E1_k3.0
2021-11-19,0.6341647570774269,C50,H1,0.0029921261760117944,3.914138532461755e-05,0.6114014960316023,14.0,E1_k3.0
2021-12-17,0.1448990713238997,C50,H1,0.003833729177310981,8.43800015513719e-05,0.07259830289304262,12.0,E1_k3.0
2022-01-21,0.03413556632761799,C50,H1,0.00262726461272089,3.0338637016715036e-05,-0.010309764320824838,6.0,E1_k3.0
2022-02-18,-0.21874441113170806,C50,H1,0.0027489769919983873,3.83554288046978e-05,-0.19434961911654236,5.0,E1_k3.0
2022-03-18,-0.45266607049663826,C50,H1,0.005257796730122486,2.3013433819037515e-05,-0.5258369771041133,3.0,E1_k3.0
2022-04-14,0.36573220434263237,C50,H1,0.0039762241925011335,0.00014053806926837966,0.28732011750451436,2.0,E1_k3.0
2022-05-20,0.46932046031181607,C50,H1,0.002595865529343857,0.0004055948069417211,0.5690115948828139,7.0,E1_k3.0
2022-06-17,-0.18821931886879956,C50,H1,0.0022044238241194997,0.0004831709253593404,-0.16424642102520606,9.0,E1_k3.0
2022-07-15,-0.7013785334102315,C50,H1,0.0022949444649093646,0.000881802878360406,-0.7519294155231542,4.0,E1_k3.0
2022-08-19,-0.17984354033018582,C50,H1,0.0016571542428671393,0.0019274249515802344,-0.16464104302545762,4.0,E1_k3.0
2022-09-16,-0.06743557116731994,C50,H1,0.0034614350130485944,0.001709223376641927,-0.10093063670594413,8.0,E1_k3.0
2022-10-21,-0.28068297713945073,C50,H1,0.0032533074776535747,0.0026073322894555376,-0.2999246802261373,9.0,E1_k3.0
2022-11-18,0.24958498831049392,C50,H1,0.0030131819637128627,0.002719586241877846,0.14901547050217037,6.0,E1_k3.0
2022-12-16,-0.09689567645131318,C50,H1,0.0019380821341687087,0.0030102591407530485,-0.17444272148140125,5.0,E1_k3.0
2023-01-20,0.7481804949053857,C50,H1,0.006443473342822625,0.003799934804044326,0.5550599634749005,1.0,E1_k3.0
2023-02-17,-0.6267605633802817,C50,H1,0.005353247040692024,0.0035913515890308714,-0.561381680112262,1.0,E1_k3.0
2023-03-17,0.37225812465046915,C50,H1,0.005432349737597836,0.0035531321977082444,0.5180021550789877,2.0,E1_k3.0
2023-04-21,0.459363957597173,C50,H1,0.008228496083583583,0.004140797491453196,0.3016353675456042,1.0,E1_k3.0
2023-05-19,-0.13054739788408135,C50,H1,0.005406075137823235,0.0025742181022739234,-0.08886322457954064,3.0,E1_k3.0
2023-06-16,0.429203539823009,C50,H1,0.006100460314454555,0.004301966136756154,0.15568821731459295,1.0,E1_k3.0
2023-07-21,0.5447741935483872,C50,H1,0.0025724140434418745,0.00496734138589593,0.2657382347434966,1.0,E1_k3.0
2023-08-18,1.0472154963680385,C50,H1,0.005544719935186519,0.004156827859554625,1.205998336827751,1.0,E1_k3.0
2023-09-15,0.0,C50,H1,0.0,0.0,0.0,0.0,E1_k3.0
2023-10-20,0.0,C50,H1,0.0,0.0,0.0,0.0,E1_k3.0
2023-11-17,0.5809500508510353,C50,H1,0.00407545064941304,0.00425613527227982,0.3719631843779144,2.0,E1_k3.0
2023-12-15,0.16188524590163936,C50,H1,0.008362967643744982,0.004225580195660586,0.0812449497078569,1.0,E1_k3.0
2017-01-20,0.0,C50,H1,0.0,0.0,0.0,0.0,E2_k1.0
2017-02-17,-0.10842090514221664,C50,H1,0.009683761593640736,0.00035281446598480805,-0.25919860870451805,2.0,E2_k1.0
2017-03-17,-0.31196298744216794,C50,H1,0.0051061709854269225,0.0003834881028726997,-0.42304332781502474,1.0,E2_k1.0
2017-04-21,0.04752330383480826,C50,H1,0.009448648950147954,0.000682161166913934,-0.023376696536596287,2.0,E2_k1.0
2017-05-19,-0.784471218206158,C50,H1,0.0073665161339015565,0.0005521762897323078,-0.7156098563079677,1.0,E2_k1.0
2017-06-16,-0.07073170731707316,C50,H1,0.009838128985921958,0.0005445092621676632,-0.11221785106541539,1.0,E2_k1.0
2017-07-21,1.0906366483601315,C50,H1,0.007730579883280474,0.0008288726488382876,0.671912367021645,2.0,E2_k1.0
2017-08-18,0.0,C50,H1,0.0,0.0,0.0,0.0,E2_k1.0
2017-09-15,0.28486786082065907,C50,H1,0.0074670339649194235,0.0007438328767618429,0.09069179503982047,2.0,E2_k1.0
2017-10-20,-0.005078765016651961,C50,H1,0.006355758323179201,0.0009447814896041252,-0.09898009125021111,6.0,E2_k1.0
2017-11-17,0.0,C50,H1,0.0,0.0,0.0,0.0,E2_k1.0
2017-12-15,0.5017627740751474,C50,H1,0.007559172191970406,0.0008281501396763386,0.39453608280331715,2.0,E2_k1.0
2018-01-19,0.0,C50,H1,0.0,0.0,0.0,0.0,E2_k1.0
2018-02-16,-0.09539970871631927,C50,H1,0.005640632198810837,0.0009814360422720457,-0.07051904551779067,5.0,E2_k1.0
2018-03-16,3.116336633663366,C50,H1,0.005576447746350556,0.0010350805575985035,2.742195951301952,1.0,E2_k1.0
2018-04-20,-0.24693663250491982,C50,H1,0.004027868783491783,0.001643876031333052,-0.29443187666763526,7.0,E2_k1.0
2018-05-18,0.3926010678871089,C50,H1,0.008336240201843686,0.0012649530341183692,0.19167541982259403,2.0,E2_k1.0
2018-06-15,0.015260323159784612,C50,H1,0.00453391361190254,0.0012879373757630137,-0.1435074411777774,1.0,E2_k1.0
2018-07-20,-0.31031712887511087,C50,H1,0.003813758492691964,0.001753099745416475,-0.3650559875134182,5.0,E2_k1.0
2018-08-17,-0.5407440202553763,C50,H1,0.00604893317848994,0.001425832332856514,-0.5607199160701594,3.0,E2_k1.0
2018-09-21,0.3522209683510174,C50,H1,0.004965557579265745,0.0018759621655847845,0.2975028582695684,3.0,E2_k1.0
2018-10-19,-0.4957877980228532,C50,H1,0.005072712467453855,0.0015713674949008893,-0.5192183588074518,4.0,E2_k1.0
2018-11-16,-0.5873015873015872,C50,H1,0.0054394190694422185,0.0016785903785551874,-0.6219228092242192,1.0,E2_k1.0
2018-12-21,0.7445064015449496,C50,H1,0.0034548013246884653,0.0021287005951963005,0.6918281606673506,4.0,E2_k1.0
2019-01-18,0.2407280384173556,C50,H1,0.004512432785113098,0.0018470602567582884,0.14373335782507624,11.0,E2_k1.0
2019-02-15,-0.5501287583145968,C50,H1,0.006634208125011284,0.0018394031507177244,-0.6158561887455782,7.0,E2_k1.0
2019-03-15,-0.31770352253968054,C50,H1,0.006336838271057941,0.0018623742929478433,-0.3245648600580942,11.0,E2_k1.0
2019-04-18,0.06213457569912766,C50,H1,0.005558835105875485,0.0022882759236762563,-0.06062244790091331,9.0,E2_k1.0
2019-05-17,0.2250265234215771,C50,H1,0.0042434793037597895,0.0019367534186992628,0.15204732743655014,4.0,E2_k1.0
2019-06-21,-0.2951563781885667,C50,H1,0.006079845733070583,0.002289158697708422,-0.3100922565079647,11.0,E2_k1.0
2019-07-19,-0.6348649097053618,C50,H1,0.005273724892523822,0.001655615014162162,-0.6680749220949805,7.0,E2_k1.0
2019-08-16,0.31309480160915365,C50,H1,0.007511783232079,0.0016173215670962583,0.1261029807131024,8.0,E2_k1.0
2019-09-20,0.05617706746675276,C50,H1,0.005723532640639844,0.001949703750896421,-0.05965878464778676,17.0,E2_k1.0
2019-10-18,-0.11035664198362947,C50,H1,0.003853792288445915,0.0014947726814265238,-0.17560735198628805,11.0,E2_k1.0
2019-11-15,0.09801989925158462,C50,H1,0.004945113897091857,0.0013415654519343013,0.0290092234613966,9.0,E2_k1.0
2019-12-20,-0.06695664464759392,C50,H1,0.007316083641029897,0.0015219268418867453,-0.14862541277990235,12.0,E2_k1.0
2020-01-17,0.16775947897629404,C50,H1,0.010300684363463194,0.0012036588735719622,0.049795722497403064,4.0,E2_k1.0
2020-02-21,-0.18506493506493493,C50,H1,0.00573834833231762,0.0014771927161285638,-0.3271638396807159,2.0,E2_k1.0
2020-03-20,5.897223958445589,C50,H1,0.0036368488095908885,0.001226644624049518,5.760231720700229,2.0,E2_k1.0
2020-04-17,0.0,C50,H1,0.0,0.0,0.0,0.0,E2_k1.0
2020-05-15,0.36821186835585634,C50,H1,0.001229428469667514,9.205055773795959e-05,0.4055483639890686,2.0,E2_k1.0
2020-06-19,-0.9234892787524367,C50,H1,0.005022150000942421,8.865540078205085e-05,-0.9635253448097219,2.0,E2_k1.0
2020-07-17,-0.3619681516791843,C50,H1,0.0036287138735987107,9.972105508756644e-05,-0.4129838158018114,14.0,E2_k1.0
2020-08-21,0.2822131949397394,C50,H1,0.0025111940912541904,0.0001054738894885458,0.16661246122918552,10.0,E2_k1.0
2020-09-18,-0.12652459072524155,C50,H1,0.0063907849748543796,5.369718841715904e-05,-0.21586164965204097,4.0,E2_k1.0
2020-10-16,0.00760009668465193,C50,H1,0.004916157592475244,6.903871266364319e-05,-0.0551736780085709,12.0,E2_k1.0
2020-11-20,-0.22703578249131878,C50,H1,0.0033613204068807094,8.786948317704623e-05,-0.29042747989925066,10.0,E2_k1.0
2020-12-18,0.8723070057474814,C50,H1,0.00563239047402559,6.903871266364319e-05,0.7122274841580354,6.0,E2_k1.0
2021-01-15,-0.19026613090570946,C50,H1,0.0028113584489501244,6.136797996069687e-05,-0.23724637540570592,28.0,E2_k1.0
2021-02-19,-0.04813868614980268,C50,H1,0.0024908047644592985,7.749531290286715e-05,-0.1309949890319495,36.0,E2_k1.0
2021-03-19,0.18898334270095843,C50,H1,0.0020147145383521098,2.3013433819037518e-05,0.14139601351106854,24.0,E2_k1.0
2021-04-16,-0.3651390848413134,C50,H1,0.0040484249459457975,7.671203452955882e-06,-0.3591981265544966,15.0,E2_k1.0
2021-05-21,-0.2621396790606251,C50,H1,0.0035592669784857904,1.9177898294713736e-05,-0.22877134332714286,21.0,E2_k1.0
2021-06-18,-0.3974176811028893,C50,H1,0.00479449617533697,0.0,-0.4484532826292559,17.0,E2_k1.0
2021-07-16,-0.16631553706953306,C50,H1,0.003539680189762947,3.83554288046978e-05,-0.17323818036664523,33.0,E2_k1.0
2021-08-20,-0.05319641710992968,C50,H1,0.0024810075524555105,4.79440561448244e-05,-0.12848267244732053,38.0,E2_k1.0
2021-09-17,-0.3575897696503479,C50,H1,0.003121068117224786,3.068446073396892e-05,-0.41423015869639507,26.0,E2_k1.0
2021-10-15,-0.08397081575100242,C50,H1,0.0031396954399210797,4.602633803212691e-05,-0.14623589205131168,42.0,E2_k1.0
2021-11-19,0.0451751189148741,C50,H1,0.0037272865853529603,3.914138532461754e-05,-0.055610839234144616,24.0,E2_k1.0
2021-12-17,0.11686824624797966,C50,H1,0.0034191343833522084,8.43800015513719e-05,0.1297674905778807,30.0,E2_k1.0
2022-01-21,0.4385428137531653,C50,H1,0.001132533802679732,3.0338637016715036e-05,0.48055018625852897,5.0,E2_k1.0
2022-02-18,-0.4310607095763885,C50,H1,0.0011733846274471363,3.83554288046978e-05,-0.47734646673341086,9.0,E2_k1.0
2022-03-18,-0.29446082921778594,C50,H1,0.0013155363374712215,2.3013433819037518e-05,-0.3652373958208688,15.0,E2_k1.0
2022-04-14,-0.26303142329020335,C50,H1,0.0005013557678375642,0.00014053806926837966,-0.3177058977499679,1.0,E2_k1.0
2022-05-20,0.44133242979395276,C50,H1,0.0009672934689891826,0.00040559480694172113,0.5312819679618547,6.0,E2_k1.0
2022-06-17,-0.25875302193498195,C50,H1,0.0013096930462342404,0.0004831709253593404,-0.2860682719394739,14.0,E2_k1.0
2022-07-15,-0.36651571320315296,C50,H1,0.0020829508600526984,0.000881802878360406,-0.41158728931165467,5.0,E2_k1.0
2022-08-19,-0.1356258895533353,C50,H1,0.00199857431957562,0.0019274249515802344,-0.22132378275184383,9.0,E2_k1.0
2022-09-16,-0.19984193304554274,C50,H1,0.001644913825963984,0.001709223376641927,-0.1831477160673865,14.0,E2_k1.0
2022-10-21,-0.031120159475019143,C50,H1,0.0018037009733939437,0.0026073322894555376,0.013814300800244478,12.0,E2_k1.0
2022-11-18,0.12600853990442726,C50,H1,0.00158045217874522,0.0027195862418778463,0.0795898285900509,14.0,E2_k1.0
2022-12-16,-0.1763473686865468,C50,H1,0.0014062352184894518,0.003010259140753049,-0.20125918803649814,19.0,E2_k1.0
2023-01-20,0.212006290767223,C50,H1,0.0009769636517846108,0.003799934804044326,0.30345239782500905,3.0,E2_k1.0
2023-02-17,0.6522892034607213,C50,H1,0.001130936008060501,0.0035913515890308714,0.5456564884254818,4.0,E2_k1.0
2023-03-17,-0.2696829072701585,C50,H1,0.0009374917021712437,0.0035531321977082444,-0.2596983697824974,3.0,E2_k1.0
2023-04-21,-0.4546110091693678,C50,H1,0.0009440686362077748,0.004140797491453196,-0.45757936961779233,2.0,E2_k1.0
2023-05-19,0.731544660742322,C50,H1,0.0005889758650044277,0.0025742181022739234,0.6913876354908963,2.0,E2_k1.0
2023-06-16,0.637991567772314,C50,H1,0.0017413058895905517,0.004301966136756154,0.5573055183035197,8.0,E2_k1.0
2023-07-21,-0.43956411208348883,C50,H1,0.00148795965396929,0.00496734138589593,-0.5256322594128133,5.0,E2_k1.0
2023-08-18,-0.2290859384798107,C50,H1,0.0010484569965557588,0.004156827859554624,-0.15552806703727584,4.0,E2_k1.0
2023-09-15,0.32508281121336274,C50,H1,0.0010751569669419246,0.0042332190523420325,0.2374118559308626,6.0,E2_k1.0
2023-10-20,-0.1387482004187695,C50,H1,0.0014655909614761915,0.005273561875663763,-0.04942497174936342,8.0,E2_k1.0
2023-11-17,-0.25457928415575454,C50,H1,0.0015886355271320745,0.00425613527227982,-0.32785762177040945,8.0,E2_k1.0
2023-12-15,0.40592053351041585,C50,H1,0.0012456575552028087,0.004225580195660586,0.2820821292683434,11.0,E2_k1.0
2017-01-20,0.0,C50,H1,0.0,0.0,0.0,0.0,E2_k1.5
2017-02-17,-0.7487179487179487,C50,H1,0.011054750079449187,0.000352814465984808,-0.8051203177407772,1.0,E2_k1.5
2017-03-17,0.0,C50,H1,0.0,0.0,0.0,0.0,E2_k1.5
2017-04-21,0.027200000000000002,C50,H1,0.006477941495649616,0.0006821611669139341,0.01190721920218728,1.0,E2_k1.5
2017-05-19,-0.784471218206158,C50,H1,0.0073665161339015565,0.0005521762897323078,-0.7156098563079677,1.0,E2_k1.5
2017-06-16,-0.07073170731707316,C50,H1,0.009838128985921958,0.0005445092621676632,-0.11221785106541539,1.0,E2_k1.5
2017-07-21,1.0906366483601315,C50,H1,0.007730579883280474,0.0008288726488382876,0.671912367021645,2.0,E2_k1.5
2017-08-18,0.0,C50,H1,0.0,0.0,0.0,0.0,E2_k1.5
2017-09-15,0.28486786082065907,C50,H1,0.0074670339649194235,0.0007438328767618429,0.09069179503982047,2.0,E2_k1.5
2017-10-20,-0.005078765016651961,C50,H1,0.006355758323179201,0.0009447814896041252,-0.09898009125021111,6.0,E2_k1.5
2017-11-17,0.0,C50,H1,0.0,0.0,0.0,0.0,E2_k1.5
2017-12-15,0.5017627740751474,C50,H1,0.007559172191970406,0.0008281501396763386,0.39453608280331715,2.0,E2_k1.5
2018-01-19,0.0,C50,H1,0.0,0.0,0.0,0.0,E2_k1.5
2018-02-16,-0.3562844931324951,C50,H1,0.0051269230234838375,0.0009814360422720457,-0.443339596568071,2.0,E2_k1.5
2018-03-16,3.116336633663366,C50,H1,0.005576447746350556,0.0010350805575985035,2.742195951301952,1.0,E2_k1.5
2018-04-20,-0.29658891464288223,C50,H1,0.004080240965471569,0.001643876031333052,-0.3255683670902511,6.0,E2_k1.5
2018-05-18,0.3926010678871089,C50,H1,0.008336240201843686,0.0012649530341183692,0.19167541982259403,2.0,E2_k1.5
2018-06-15,0.015260323159784612,C50,H1,0.00453391361190254,0.0012879373757630137,-0.1435074411777774,1.0,E2_k1.5
2018-07-20,-0.4213307482082069,C50,H1,0.0035085509954864316,0.001753099745416475,-0.44371556067141826,3.0,E2_k1.5
2018-08-17,-0.5407440202553763,C50,H1,0.00604893317848994,0.001425832332856514,-0.5607199160701594,3.0,E2_k1.5
2018-09-21,0.09479486716067251,C50,H1,0.006611358367153328,0.0018759621655847843,0.11479616901482281,2.0,E2_k1.5
2018-10-19,-0.4957877980228532,C50,H1,0.005072712467453855,0.0015713674949008893,-0.5192183588074518,4.0,E2_k1.5
2018-11-16,-0.5873015873015872,C50,H1,0.0054394190694422185,0.0016785903785551874,-0.6219228092242192,1.0,E2_k1.5
2018-12-21,1.2694951254315803,C50,H1,0.0038276293222486977,0.0021287005951963005,1.2181408137303527,3.0,E2_k1.5
2019-01-18,0.1684301584967688,C50,H1,0.004554272640189903,0.0018470602567582882,0.07948126434840307,8.0,E2_k1.5
2019-02-15,-0.6060951552574568,C50,H1,0.006773802293364421,0.0018394031507177242,-0.6652565374705439,5.0,E2_k1.5
2019-03-15,-0.41898382946070584,C50,H1,0.00693629707990977,0.0018623742929478435,-0.42642146530486336,8.0,E2_k1.5
2019-04-18,-0.14665788068899685,C50,H1,0.0058835896902826364,0.0022882759236762563,-0.23729801366700912,8.0,E2_k1.5
2019-05-17,0.2250265234215771,C50,H1,0.0042434793037597895,0.0019367534186992628,0.15204732743655014,4.0,E2_k1.5
2019-06-21,-0.23366482176281905,C50,H1,0.0063140519075415204,0.0022891586977084226,-0.24507750365526282,10.0,E2_k1.5
2019-07-19,-0.6139758900891567,C50,H1,0.005547107035275672,0.001655615014162162,-0.6418888340505619,5.0,E2_k1.5
2019-08-16,0.3267211530082857,C50,H1,0.007683284437508387,0.0016173215670962583,0.17424038218445217,6.0,E2_k1.5
2019-09-20,-0.014032959354343977,C50,H1,0.005296222699213095,0.0019497037508964211,-0.1045876614797348,15.0,E2_k1.5
2019-10-18,-0.18909169866762549,C50,H1,0.004306256696273267,0.0014947726814265238,-0.2444406066850226,9.0,E2_k1.5
2019-11-15,-0.2921722525964907,C50,H1,0.0044317991310929465,0.0013415654519343013,-0.3552496072335361,4.0,E2_k1.5
2019-12-20,-0.23799403223580518,C50,H1,0.008116707355366157,0.001521926841886745,-0.2750778873266867,9.0,E2_k1.5
2020-01-17,0.34576435331269934,C50,H1,0.00808447347646354,0.0012036588735719622,0.19600443896649708,3.0,E2_k1.5
2020-02-21,0.0,C50,H1,0.0,0.0,0.0,0.0,E2_k1.5
2020-03-20,5.897223958445589,C50,H1,0.0036368488095908885,0.001226644624049518,5.760231720700229,2.0,E2_k1.5
2020-04-17,0.0,C50,H1,0.0,0.0,0.0,0.0,E2_k1.5
2020-05-15,0.0,C50,H1,0.0,0.0,0.0,0.0,E2_k1.5
2020-06-19,-0.9259259259259259,C50,H1,0.008053587279468212,8.865540078205085e-05,-0.9558211733994679,1.0,E2_k1.5
2020-07-17,-0.3804143682888708,C50,H1,0.003936358525387557,9.972105508756644e-05,-0.42530365552223987,9.0,E2_k1.5
2020-08-21,0.34979316492009543,C50,H1,0.002596673847361856,0.0001054738894885458,0.23214299313367726,8.0,E2_k1.5
2020-09-18,-0.12652459072524155,C50,H1,0.0063907849748543796,5.369718841715904e-05,-0.21586164965204097,4.0,E2_k1.5
2020-10-16,0.0540420086578187,C50,H1,0.005054750207391334,6.903871266364319e-05,-0.011419242157864315,10.0,E2_k1.5
2020-11-20,-0.2598717958418002,C50,H1,0.0032358951460808643,8.786948317704623e-05,-0.3021951913349847,7.0,E2_k1.5
2020-12-18,0.757287915909742,C50,H1,0.005992636137629769,6.903871266364319e-05,0.5888639385959352,3.0,E2_k1.5
2021-01-15,-0.20458294183693843,C50,H1,0.0030070927838143496,6.136797996069687e-05,-0.2559035979386643,21.0,E2_k1.5
2021-02-19,-0.03378084878499568,C50,H1,0.002823036938592004,7.749531290286715e-05,-0.11572609851516545,22.0,E2_k1.5
2021-03-19,0.14525785098881686,C50,H1,0.0020005587557381647,2.3013433819037518e-05,0.08802569613492908,21.0,E2_k1.5
2021-04-16,-0.27191699564200517,C50,H1,0.0039648964391885535,7.671203452955882e-06,-0.2574563697462681,12.0,E2_k1.5
2021-05-21,-0.23390180297858368,C50,H1,0.0031653400289755915,1.9177898294713736e-05,-0.1959184509983719,17.0,E2_k1.5
2021-06-18,-0.5276374074775126,C50,H1,0.004936395032219882,0.0,-0.5569568558662977,15.0,E2_k1.5
2021-07-16,-0.12817664262855025,C50,H1,0.004097111768508376,3.83554288046978e-05,-0.13139510245000394,24.0,E2_k1.5
2021-08-20,-0.02800766910084962,C50,H1,0.002535158210736149,4.79440561448244e-05,-0.09001455736295555,30.0,E2_k1.5
2021-09-17,-0.4749898465282249,C50,H1,0.0030591732580573763,3.068446073396892e-05,-0.5114485109916603,18.0,E2_k1.5
2021-10-15,-0.014992894913105206,C50,H1,0.0032357829937543475,4.602633803212691e-05,-0.07655134369434978,36.0,E2_k1.5
2021-11-19,0.18044381834671816,C50,H1,0.004396859985058743,3.914138532461754e-05,0.03216169776866379,16.0,E2_k1.5
2021-12-17,0.036957593833601476,C50,H1,0.0032710618670992717,8.43800015513719e-05,0.04381867407429028,23.0,E2_k1.5
2022-01-21,0.7649031148118418,C50,H1,0.0004113670029077912,3.0338637016715036e-05,0.8478255336088066,3.0,E2_k1.5
2022-02-18,-0.5484015390228438,C50,H1,0.0014666345331067149,3.83554288046978e-05,-0.5988306401000764,7.0,E2_k1.5
2022-03-18,-0.3327815302695739,C50,H1,0.0013308589902329905,2.3013433819037518e-05,-0.3938452391338341,14.0,E2_k1.5
2022-04-14,-0.26303142329020335,C50,H1,0.0005013557678375642,0.00014053806926837966,-0.3177058977499679,1.0,E2_k1.5
2022-05-20,0.44133242979395276,C50,H1,0.0009672934689891826,0.00040559480694172113,0.5312819679618547,6.0,E2_k1.5
2022-06-17,-0.1584137796300127,C50,H1,0.0013355256330073785,0.00048317092535934037,-0.19214790135349363,11.0,E2_k1.5
2022-07-15,-0.4031202314144376,C50,H1,0.0024283902830707403,0.000881802878360406,-0.40640228286156427,4.0,E2_k1.5
2022-08-19,0.19300436119260067,C50,H1,0.002496609910183697,0.0019274249515802346,0.05412987978620559,4.0,E2_k1.5
2022-09-16,-0.09062428418338202,C50,H1,0.0019077598458343103,0.001709223376641927,-0.04386847708429333,9.0,E2_k1.5
2022-10-21,-0.04437629278328724,C50,H1,0.0018758273951120525,0.0026073322894555376,-0.010834273211705308,10.0,E2_k1.5
2022-11-18,-0.01173314975477191,C50,H1,0.0015100820939187634,0.002719586241877846,-0.03669134987204691,8.0,E2_k1.5
2022-12-16,-0.23992018630610876,C50,H1,0.0014041403444605487,0.003010259140753049,-0.2516006979384997,16.0,E2_k1.5
2023-01-20,0.25274044880906227,C50,H1,0.001123498169459002,0.003799934804044326,0.4016921888275562,2.0,E2_k1.5
2023-02-17,0.6522892034607213,C50,H1,0.001130936008060501,0.0035913515890308714,0.5456564884254818,4.0,E2_k1.5
2023-03-17,-0.2696829072701585,C50,H1,0.0009374917021712437,0.0035531321977082444,-0.2596983697824974,3.0,E2_k1.5
2023-04-21,-0.4546110091693678,C50,H1,0.0009440686362077748,0.004140797491453196,-0.45757936961779233,2.0,E2_k1.5
2023-05-19,0.29914893617021265,C50,H1,0.0009229220105976832,0.0025742181022739234,0.2730654216103004,1.0,E2_k1.5
2023-06-16,0.41586757458923795,C50,H1,0.0015303057596734704,0.004301966136756154,0.3256240715125781,5.0,E2_k1.5
2023-07-21,-0.43956411208348883,C50,H1,0.00148795965396929,0.00496734138589593,-0.5256322594128133,5.0,E2_k1.5
2023-08-18,-0.08826230368391852,C50,H1,0.0010926019810098622,0.004156827859554624,0.006017447249135684,3.0,E2_k1.5
2023-09-15,0.21111799417594768,C50,H1,0.0009405983834457506,0.0042332190523420325,0.11793154634877617,4.0,E2_k1.5
2023-10-20,-0.20788217392520342,C50,H1,0.0011847240864603377,0.005273561875663762,-0.21447856211707958,5.0,E2_k1.5
2023-11-17,0.02959862840432459,C50,H1,0.0016656491153230223,0.00425613527227982,-0.09265582002155788,5.0,E2_k1.5
2023-12-15,0.13868264778288417,C50,H1,0.001256027334345972,0.004225580195660586,0.05379085478867808,8.0,E2_k1.5
2017-01-20,0.0,C50,H1,0.0,0.0,0.0,0.0,E2_k2.0
2017-02-17,-0.7487179487179487,C50,H1,0.011054750079449187,0.000352814465984808,-0.8051203177407772,1.0,E2_k2.0
2017-03-17,0.0,C50,H1,0.0,0.0,0.0,0.0,E2_k2.0
2017-04-21,0.0,C50,H1,0.0,0.0,0.0,0.0,E2_k2.0
2017-05-19,-0.784471218206158,C50,H1,0.0073665161339015565,0.0005521762897323078,-0.7156098563079677,1.0,E2_k2.0
2017-06-16,0.0,C50,H1,0.0,0.0,0.0,0.0,E2_k2.0
2017-07-21,1.0906366483601315,C50,H1,0.007730579883280474,0.0008288726488382876,0.671912367021645,2.0,E2_k2.0
2017-08-18,0.0,C50,H1,0.0,0.0,0.0,0.0,E2_k2.0
2017-09-15,0.28486786082065907,C50,H1,0.0074670339649194235,0.0007438328767618429,0.09069179503982047,2.0,E2_k2.0
2017-10-20,-0.01638023230569661,C50,H1,0.0052320052911294474,0.0009447814896041253,-0.10391127942341336,5.0,E2_k2.0
2017-11-17,0.0,C50,H1,0.0,0.0,0.0,0.0,E2_k2.0
2017-12-15,0.5017627740751474,C50,H1,0.007559172191970406,0.0008281501396763386,0.39453608280331715,2.0,E2_k2.0
2018-01-19,0.0,C50,H1,0.0,0.0,0.0,0.0,E2_k2.0
2018-02-16,-0.4137184115523466,C50,H1,0.003231171529496618,0.0009814360422720457,-0.46109781768409897,1.0,E2_k2.0
2018-03-16,3.116336633663366,C50,H1,0.005576447746350556,0.0010350805575985035,2.742195951301952,1.0,E2_k2.0
2018-04-20,-0.40183693012959826,C50,H1,0.004421351037603371,0.001643876031333052,-0.4148960132380924,5.0,E2_k2.0
2018-05-18,0.3926010678871089,C50,H1,0.008336240201843686,0.0012649530341183692,0.19167541982259403,2.0,E2_k2.0
2018-06-15,0.015260323159784612,C50,H1,0.00453391361190254,0.0012879373757630137,-0.1435074411777774,1.0,E2_k2.0
2018-07-20,-0.4213307482082069,C50,H1,0.0035085509954864316,0.001753099745416475,-0.44371556067141826,3.0,E2_k2.0
2018-08-17,-0.5407440202553763,C50,H1,0.00604893317848994,0.001425832332856514,-0.5607199160701594,3.0,E2_k2.0
2018-09-21,0.09479486716067251,C50,H1,0.006611358367153328,0.0018759621655847843,0.11479616901482281,2.0,E2_k2.0
2018-10-19,-0.4957877980228532,C50,H1,0.005072712467453855,0.0015713674949008893,-0.5192183588074518,4.0,E2_k2.0
2018-11-16,-0.5873015873015872,C50,H1,0.0054394190694422185,0.0016785903785551874,-0.6219228092242192,1.0,E2_k2.0
2018-12-21,1.2694951254315803,C50,H1,0.0038276293222486977,0.0021287005951963005,1.2181408137303527,3.0,E2_k2.0
2019-01-18,0.1684301584967688,C50,H1,0.004554272640189903,0.0018470602567582882,0.07948126434840307,8.0,E2_k2.0
2019-02-15,-0.6060951552574568,C50,H1,0.006773802293364421,0.0018394031507177242,-0.6652565374705439,5.0,E2_k2.0
2019-03-15,-0.3723690647959268,C50,H1,0.005600511325450437,0.0018623742929478437,-0.39413489088650816,3.0,E2_k2.0
2019-04-18,-0.15581553468416645,C50,H1,0.005331939048560499,0.0022882759236762563,-0.2550519082880293,6.0,E2_k2.0
2019-05-17,-0.18064516129032257,C50,H1,0.009269431764628496,0.0019367534186992628,-0.13940155485839292,1.0,E2_k2.0
2019-06-21,-0.638507272854894,C50,H1,0.003177915702578168,0.0022891586977084226,-0.6681042198770802,4.0,E2_k2.0
2019-07-19,-0.6139758900891567,C50,H1,0.005547107035275672,0.001655615014162162,-0.6418888340505619,5.0,E2_k2.0
2019-08-16,0.18794167226973668,C50,H1,0.007427695225893783,0.001617321567096258,0.0008358690948731429,5.0,E2_k2.0
2019-09-20,0.030748103653565395,C50,H1,0.005089056639421728,0.0019497037508964211,-0.07552142599095996,13.0,E2_k2.0
2019-10-18,-0.10263641788181263,C50,H1,0.003651820000828001,0.0014947726814265236,-0.160394112377872,8.0,E2_k2.0
2019-11-15,-0.2921722525964907,C50,H1,0.0044317991310929465,0.0013415654519343013,-0.3552496072335361,4.0,E2_k2.0
2019-12-20,-0.23799403223580518,C50,H1,0.008116707355366157,0.001521926841886745,-0.2750778873266867,9.0,E2_k2.0
2020-01-17,0.34576435331269934,C50,H1,0.00808447347646354,0.0012036588735719622,0.19600443896649708,3.0,E2_k2.0
2020-02-21,0.0,C50,H1,0.0,0.0,0.0,0.0,E2_k2.0
2020-03-20,5.897223958445589,C50,H1,0.0036368488095908885,0.001226644624049518,5.760231720700229,2.0,E2_k2.0
2020-04-17,0.0,C50,H1,0.0,0.0,0.0,0.0,E2_k2.0
2020-05-15,0.0,C50,H1,0.0,0.0,0.0,0.0,E2_k2.0
2020-06-19,-0.9259259259259259,C50,H1,0.008053587279468212,8.865540078205085e-05,-0.9558211733994679,1.0,E2_k2.0
2020-07-17,-0.3042474323281591,C50,H1,0.0040505027990707775,9.972105508756644e-05,-0.346429131161218,7.0,E2_k2.0
2020-08-21,0.0988838516556432,C50,H1,0.002546491843682203,0.0001054738894885458,0.020571396801726084,7.0,E2_k2.0
2020-09-18,0.23920009029317063,C50,H1,0.007606732500164682,5.369718841715904e-05,0.14059135554715801,2.0,E2_k2.0
2020-10-16,0.07109723638334686,C50,H1,0.004965292395059707,6.903871266364319e-05,-0.00595898861534132,9.0,E2_k2.0
2020-11-20,0.002364089861865019,C50,H1,0.002422579907471957,8.786948317704623e-05,-0.02951967712246965,3.0,E2_k2.0
2020-12-18,0.6946567060793779,C50,H1,0.007230108802827477,6.903871266364319e-05,0.6354732891457412,2.0,E2_k2.0
2021-01-15,-0.1589049102767071,C50,H1,0.0032616847837668226,6.136797996069687e-05,-0.21320341948938099,17.0,E2_k2.0
2021-02-19,-0.07714673308046957,C50,H1,0.002903159708556321,7.749531290286715e-05,-0.15669105215085719,19.0,E2_k2.0
2021-03-19,0.28392249565545574,C50,H1,0.001812738370462707,2.3013433819037518e-05,0.23315413325019302,14.0,E2_k2.0
2021-04-16,-0.21396698719058788,C50,H1,0.004123476401953214,7.671203452955882e-06,-0.19602005310540777,11.0,E2_k2.0
2021-05-21,-0.2780500250188057,C50,H1,0.0033320956965308284,1.9177898294713736e-05,-0.2523644272052158,14.0,E2_k2.0
2021-06-18,-0.5334197261780368,C50,H1,0.0055844667597019886,0.0,-0.5801412984407832,11.0,E2_k2.0
2021-07-16,-0.10479642939632369,C50,H1,0.004183059157010714,3.83554288046978e-05,-0.09667910543421661,18.0,E2_k2.0
2021-08-20,-0.3041473763559736,C50,H1,0.0031430593340371236,4.79440561448244e-05,-0.35063151995279146,19.0,E2_k2.0
2021-09-17,-0.43273307668152217,C50,H1,0.0037291575753949026,3.068446073396892e-05,-0.4871571316236671,13.0,E2_k2.0
2021-10-15,-0.06252820238619647,C50,H1,0.0034034556482728817,4.602633803212691e-05,-0.11722413111130632,28.0,E2_k2.0
2021-11-19,0.4990622722740691,C50,H1,0.00415988105549638,3.914138532461754e-05,0.33661849053738013,11.0,E2_k2.0
2021-12-17,0.05311691067915679,C50,H1,0.0030291322923844547,8.43800015513719e-05,0.05742417903894211,20.0,E2_k2.0
2022-01-21,0.7332821052459078,C50,H1,0.00037003709842576226,3.0338637016715036e-05,0.7392983048961868,2.0,E2_k2.0
2022-02-18,-0.5512906801769575,C50,H1,0.0011775055602623093,3.83554288046978e-05,-0.5509868115203496,4.0,E2_k2.0
2022-03-18,-0.35719431095026716,C50,H1,0.0011823086729763255,2.3013433819037518e-05,-0.40530295345416467,8.0,E2_k2.0
2022-04-14,-0.26303142329020335,C50,H1,0.0005013557678375642,0.00014053806926837966,-0.3177058977499679,1.0,E2_k2.0
2022-05-20,0.6415066668432697,C50,H1,0.000594367774914488,0.00040559480694172113,0.7210493548579877,3.0,E2_k2.0
2022-06-17,-0.16914089447357106,C50,H1,0.0013853539481090583,0.0004831709253593404,-0.1932536642742218,8.0,E2_k2.0
2022-07-15,-0.4031202314144376,C50,H1,0.0024283902830707403,0.000881802878360406,-0.40640228286156427,4.0,E2_k2.0
2022-08-19,0.0985910500172877,C50,H1,0.0031437474870451153,0.0019274249515802346,-0.0359212585317773,3.0,E2_k2.0
2022-09-16,0.01993957218558713,C50,H1,0.001967935861729392,0.001709223376641927,0.07325154877950593,8.0,E2_k2.0
2022-10-21,0.18797788700682064,C50,H1,0.0016979978164824074,0.0026073322894555376,0.19216462434935233,5.0,E2_k2.0
2022-11-18,-0.20023703054691,C50,H1,0.001852117138041377,0.002719586241877846,-0.17819560219755415,4.0,E2_k2.0
2022-12-16,-0.2990950014584151,C50,H1,0.001284649423612522,0.003010259140753049,-0.2779190968581435,13.0,E2_k2.0
2023-01-20,0.0,C50,H1,0.0,0.0,0.0,0.0,E2_k2.0
2023-02-17,1.8323353860409117,C50,H1,0.001174941756037292,0.0035913515890308714,1.5832081416841703,2.0,E2_k2.0
2023-03-17,-0.2696829072701585,C50,H1,0.0009374917021712437,0.0035531321977082444,-0.2596983697824974,3.0,E2_k2.0
2023-04-21,-0.4289783281733746,C50,H1,0.0008045921069484979,0.004140797491453196,-0.47724224194849246,1.0,E2_k2.0
2023-05-19,0.29914893617021265,C50,H1,0.0009229220105976832,0.0025742181022739234,0.2730654216103004,1.0,E2_k2.0
2023-06-16,-0.22222318396766397,C50,H1,0.000994931407630891,0.004301966136756155,-0.23154935979907823,3.0,E2_k2.0
2023-07-21,-0.40699853129261204,C50,H1,0.0015155929877210047,0.00496734138589593,-0.5038568592928128,4.0,E2_k2.0
2023-08-18,0.1485393291106106,C50,H1,0.0010605510420807368,0.004156827859554624,0.3012415504093806,2.0,E2_k2.0
2023-09-15,0.3914203644543729,C50,H1,0.00095777492794633,0.004233219052342032,0.3079952620313859,2.0,E2_k2.0
2023-10-20,-0.20788217392520342,C50,H1,0.0011847240864603377,0.005273561875663762,-0.21447856211707958,5.0,E2_k2.0
2023-11-17,0.26546270498106117,C50,H1,0.0012689391373427081,0.00425613527227982,0.12131689455584557,4.0,E2_k2.0
2023-12-15,-0.18697277631659037,C50,H1,0.0012895204052995569,0.004225580195660586,-0.25965986596155965,6.0,E2_k2.0
2017-01-20,0.0,C50,H1,0.0,0.0,0.0,0.0,E2_k3.0
2017-02-17,-0.7487179487179487,C50,H1,0.011054750079449187,0.000352814465984808,-0.8051203177407772,1.0,E2_k3.0
2017-03-17,0.0,C50,H1,0.0,0.0,0.0,0.0,E2_k3.0
2017-04-21,0.0,C50,H1,0.0,0.0,0.0,0.0,E2_k3.0
2017-05-19,-0.784471218206158,C50,H1,0.0073665161339015565,0.0005521762897323078,-0.7156098563079677,1.0,E2_k3.0
2017-06-16,0.0,C50,H1,0.0,0.0,0.0,0.0,E2_k3.0
2017-07-21,1.0906366483601315,C50,H1,0.007730579883280474,0.0008288726488382876,0.671912367021645,2.0,E2_k3.0
2017-08-18,0.0,C50,H1,0.0,0.0,0.0,0.0,E2_k3.0
2017-09-15,0.28486786082065907,C50,H1,0.0074670339649194235,0.0007438328767618429,0.09069179503982047,2.0,E2_k3.0
2017-10-20,0.032982751940186794,C50,H1,0.005688508899047366,0.0009447814896041252,-0.055115144999632965,3.0,E2_k3.0
2017-11-17,0.0,C50,H1,0.0,0.0,0.0,0.0,E2_k3.0
2017-12-15,0.5017627740751474,C50,H1,0.007559172191970406,0.0008281501396763386,0.39453608280331715,2.0,E2_k3.0
2018-01-19,0.0,C50,H1,0.0,0.0,0.0,0.0,E2_k3.0
2018-02-16,-0.4137184115523466,C50,H1,0.003231171529496618,0.0009814360422720457,-0.46109781768409897,1.0,E2_k3.0
2018-03-16,3.116336633663366,C50,H1,0.005576447746350556,0.0010350805575985035,2.742195951301952,1.0,E2_k3.0
2018-04-20,-0.40183693012959826,C50,H1,0.004421351037603371,0.001643876031333052,-0.4148960132380924,5.0,E2_k3.0
2018-05-18,0.3926010678871089,C50,H1,0.008336240201843686,0.0012649530341183692,0.19167541982259403,2.0,E2_k3.0
2018-06-15,0.015260323159784612,C50,H1,0.00453391361190254,0.0012879373757630137,-0.1435074411777774,1.0,E2_k3.0
2018-07-20,-0.5811130272744633,C50,H1,0.005252357107123362,0.0017530997454164752,-0.60370417610362,2.0,E2_k3.0
2018-08-17,-0.7574750830564784,C50,H1,0.00418958000188355,0.0014258323328565138,-0.7095759127832573,1.0,E2_k3.0
2018-09-21,0.09479486716067251,C50,H1,0.006611358367153328,0.0018759621655847843,0.11479616901482281,2.0,E2_k3.0
2018-10-19,-0.4957877980228532,C50,H1,0.005072712467453855,0.0015713674949008893,-0.5192183588074518,4.0,E2_k3.0
2018-11-16,-0.5873015873015872,C50,H1,0.0054394190694422185,0.0016785903785551874,-0.6219228092242192,1.0,E2_k3.0
2018-12-21,0.6279745722053414,C50,H1,0.005736557184160817,0.0021287005951963005,0.5654909256567093,2.0,E2_k3.0
2019-01-18,0.18133201563676563,C50,H1,0.004955819873490513,0.0018470602567582882,0.0897920031814664,6.0,E2_k3.0
2019-02-15,-0.5204238221206015,C50,H1,0.0060015084466692944,0.0018394031507177244,-0.5739209143694379,4.0,E2_k3.0
2019-03-15,-0.2773035971938902,C50,H1,0.004199628938387949,0.0018623742929478435,-0.22453513022384972,2.0,E2_k3.0
2019-04-18,-0.3802949218172414,C50,H1,0.006327686751360244,0.0022882759236762563,-0.47227884603931486,3.0,E2_k3.0
2019-05-17,-0.18064516129032257,C50,H1,0.009269431764628496,0.0019367534186992628,-0.13940155485839292,1.0,E2_k3.0
2019-06-21,-0.38242341304139044,C50,H1,0.0023602442157116166,0.002289158697708422,-0.4089942157131935,2.0,E2_k3.0
2019-07-19,-0.6139758900891567,C50,H1,0.005547107035275672,0.001655615014162162,-0.6418888340505619,5.0,E2_k3.0
2019-08-16,0.13649120901008566,C50,H1,0.006313318362885048,0.0016173215670962585,-0.03993931867588374,3.0,E2_k3.0
2019-09-20,0.039944704828487214,C50,H1,0.004721395466427887,0.0019497037508964213,-0.06349360265171622,10.0,E2_k3.0
2019-10-18,-0.11760271837860992,C50,H1,0.004284092699509329,0.0014947726814265236,-0.13168449668527707,4.0,E2_k3.0
2019-11-15,-0.49217758985200843,C50,H1,0.0025066039320342072,0.001341565451934301,-0.4271668643577021,1.0,E2_k3.0
2019-12-20,-0.4830602090614679,C50,H1,0.007844227908020618,0.0015219268418867453,-0.5032725627644533,6.0,E2_k3.0
2020-01-17,0.6554216867469879,C50,H1,0.010157966683479333,0.0012036588735719624,0.31729545079097377,1.0,E2_k3.0
2020-02-21,0.0,C50,H1,0.0,0.0,0.0,0.0,E2_k3.0
2020-03-20,5.897223958445589,C50,H1,0.0036368488095908885,0.001226644624049518,5.760231720700229,2.0,E2_k3.0
2020-04-17,0.0,C50,H1,0.0,0.0,0.0,0.0,E2_k3.0
2020-05-15,0.0,C50,H1,0.0,0.0,0.0,0.0,E2_k3.0
2020-06-19,0.0,C50,H1,0.0,0.0,0.0,0.0,E2_k3.0
2020-07-17,-0.1001690749559152,C50,H1,0.0051450565997983085,9.972105508756644e-05,-0.14086102760583014,5.0,E2_k3.0
2020-08-21,-0.040837293668861095,C50,H1,0.0030520950289717633,0.00010547388948854582,-0.13464858671039956,3.0,E2_k3.0
2020-09-18,0.6925329428989752,C50,H1,0.0064280958836967226,5.369718841715904e-05,0.4690049018382869,1.0,E2_k3.0
2020-10-16,0.10233826999668527,C50,H1,0.005218052067688377,6.903871266364319e-05,0.05695568977611979,6.0,E2_k3.0
2020-11-20,-0.33210784313725505,C50,H1,0.005405953433839827,8.786948317704623e-05,-0.2786504341600865,1.0,E2_k3.0
2020-12-18,0.6435100548446072,C50,H1,0.004068530688718849,6.903871266364319e-05,0.7783446192762747,1.0,E2_k3.0
2021-01-15,-0.018519012946125412,C50,H1,0.0032466845131664244,6.136797996069687e-05,-0.07290123317656487,10.0,E2_k3.0
2021-02-19,0.000764806745807468,C50,H1,0.0034041895842534626,7.749531290286715e-05,-0.1091715838370171,11.0,E2_k3.0
2021-03-19,0.15202435617760307,C50,H1,0.0015217136929417813,2.3013433819037518e-05,0.1201028235843212,8.0,E2_k3.0
2021-04-16,-0.14733669084739295,C50,H1,0.005435602154287657,7.671203452955882e-06,-0.09111263965746201,6.0,E2_k3.0
2021-05-21,-0.4121309768445362,C50,H1,0.004293063404538905,1.9177898294713736e-05,-0.39977518665889106,7.0,E2_k3.0
2021-06-18,-0.546015471439665,C50,H1,0.0052564541987905845,0.0,-0.6132973200593197,5.0,E2_k3.0
2021-07-16,-0.05808741472845883,C50,H1,0.0037371005463577764,3.83554288046978e-05,-0.05708130610056963,12.0,E2_k3.0
2021-08-20,-0.26703424827338945,C50,H1,0.0036800445382447642,4.79440561448244e-05,-0.314082780374394,11.0,E2_k3.0
2021-09-17,-0.4374173717862768,C50,H1,0.003055800973103096,3.068446073396892e-05,-0.496359684063235,8.0,E2_k3.0
2021-10-15,-0.19374170404227536,C50,H1,0.0032124091833405193,4.602633803212691e-05,-0.24501666085361712,20.0,E2_k3.0
2021-11-19,0.1574060629721204,C50,H1,0.004385804684081466,3.914138532461754e-05,0.06697647476146075,7.0,E2_k3.0
2021-12-17,0.13882097394371912,C50,H1,0.0027312300704442813,8.43800015513719e-05,0.20092082458885882,10.0,E2_k3.0
2022-01-21,0.7332821052459078,C50,H1,0.00037003709842576226,3.0338637016715036e-05,0.7392983048961868,2.0,E2_k3.0
2022-02-18,-0.4290817132922397,C50,H1,0.0003978798725552311,3.83554288046978e-05,-0.39865282234890276,1.0,E2_k3.0
2022-03-18,-0.7392803641302446,C50,H1,0.001361972079039878,2.3013433819037518e-05,-0.7422497793308199,4.0,E2_k3.0
2022-04-14,-0.26303142329020335,C50,H1,0.0005013557678375642,0.00014053806926837966,-0.3177058977499679,1.0,E2_k3.0
2022-05-20,0.6175413545805937,C50,H1,0.000682121799397476,0.00040559480694172113,0.7100763251749183,2.0,E2_k3.0
2022-06-17,-0.3219584032746564,C50,H1,0.001818216237765654,0.0004831709253593404,-0.33952177364818004,5.0,E2_k3.0
2022-07-15,-0.22956647658967155,C50,H1,0.003246926047119015,0.000881802878360406,-0.2270216570892546,2.0,E2_k3.0
2022-08-19,0.1722408026755852,C50,H1,0.007490110462714831,0.0019274249515802346,0.020803015531057907,1.0,E2_k3.0
2022-09-16,-0.37083250263890377,C50,H1,0.0014099746926467297,0.001709223376641927,-0.301275094661203,2.0,E2_k3.0
2022-10-21,0.18797788700682064,C50,H1,0.0016979978164824074,0.0026073322894555376,0.19216462434935233,5.0,E2_k3.0
2022-11-18,-0.10054964539007094,C50,H1,0.0019478970367898516,0.0027195862418778463,-0.1862848079610912,2.0,E2_k3.0
2022-12-16,-0.28953253064568724,C50,H1,0.0012390227071676443,0.003010259140753049,-0.27582993232203623,8.0,E2_k3.0
2023-01-20,0.0,C50,H1,0.0,0.0,0.0,0.0,E2_k3.0
2023-02-17,2.5699266503667477,C50,H1,0.001172264666570609,0.003591351589030871,2.400449472235854,1.0,E2_k3.0
2023-03-17,-0.29779921470640736,C50,H1,0.0009517552216768094,0.0035531321977082444,-0.27333551920491045,2.0,E2_k3.0
2023-04-21,0.0,C50,H1,0.0,0.0,0.0,0.0,E2_k3.0
2023-05-19,0.0,C50,H1,0.0,0.0,0.0,0.0,E2_k3.0
2023-06-16,-0.28894225258701,C50,H1,0.0009755346121062715,0.004301966136756154,-0.2772403979591805,2.0,E2_k3.0
2023-07-21,-0.7242561062396118,C50,H1,0.0011633193024807146,0.00496734138589593,-0.760388557304916,3.0,E2_k3.0
2023-08-18,0.1485393291106106,C50,H1,0.0010605510420807368,0.004156827859554624,0.3012415504093806,2.0,E2_k3.0
2023-09-15,0.3914203644543729,C50,H1,0.00095777492794633,0.004233219052342032,0.3079952620313859,2.0,E2_k3.0
2023-10-20,-0.2821509390207314,C50,H1,0.0010359015887438385,0.005273561875663763,-0.261026001407698,4.0,E2_k3.0
2023-11-17,0.8039457533575639,C50,H1,0.0017672967078979156,0.00425613527227982,0.5872820053919102,2.0,E2_k3.0
2023-12-15,-0.1513829213015599,C50,H1,0.000981714473351282,0.004225580195660586,-0.21598239249450102,4.0,E2_k3.0
